EFE_KEY,CATALOG_KEY,MUNICIPIO,mun_id
01,001,AGUASCALIENTES,01001
01,002,ASIENTOS,01002
01,003,CALVILLO,01003
01,004,COSÍO,01004
01,005,JESÚS MARÍA,01005
01,006,PABELLÓN DE ARTEAGA,01006
01,007,RINCÓN DE ROMOS,01007
01,008,SAN JOSÉ DE GRACIA,01008
01,009,TEPEZALÁ,01009
01,010,EL LLANO,01010
01,011,SAN FRANCISCO DE LOS ROMO,01011
02,001,ENSENADA,02001
02,002,MEXICALI,02002
02,003,TECATE,02003
02,004,TIJUANA,02004
02,005,PLAYAS DE ROSARITO,02005
02,006,SAN QUINTÍN,02006
02,007,SAN FELIPE,02007
03,001,COMONDÚ,03001
03,002,MULEGÉ,03002
03,003,LA PAZ,03003
03,008,LOS CABOS,03008
03,009,LORETO,03009
04,001,CALKINÍ,04001
04,002,CAMPECHE,04002
04,003,CARMEN,04003
04,004,CHAMPOTÓN,04004
04,005,HECELCHAKÁN,04005
04,006,HOPELCHÉN,04006
04,007,PALIZADA,04007
04,008,TENABO,04008
04,009,ESCÁRCEGA,04009
04,010,CALAKMUL,04010
04,011,CANDELARIA,04011
04,012,SEYBAPLAYA,04012
04,013,DZITBALCHÉ,04013
05,001,ABASOLO,05001
05,002,ACUÑA,05002
05,003,ALLENDE,05003
05,004,ARTEAGA,05004
05,005,CANDELA,05005
05,006,CASTAÑOS,05006
05,007,CUATRO CIÉNEGAS,05007
05,008,ESCOBEDO,05008
05,009,FRANCISCO I. MADERO,05009
05,010,FRONTERA,05010
05,011,GENERAL CEPEDA,05011
05,012,GUERRERO,05012
05,013,HIDALGO,05013
05,014,JIMÉNEZ,05014
05,015,JUÁREZ,05015
05,016,LAMADRID,05016
05,017,MATAMOROS,05017
05,018,MONCLOVA,05018
05,019,MORELOS,05019
05,020,MÚZQUIZ,05020
05,021,NADADORES,05021
05,022,NAVA,05022
05,023,OCAMPO,05023
05,024,PARRAS,05024
05,025,PIEDRAS NEGRAS,05025
05,026,PROGRESO,05026
05,027,RAMOS ARIZPE,05027
05,028,SABINAS,05028
05,029,SACRAMENTO,05029
05,030,SALTILLO,05030
05,031,SAN BUENAVENTURA,05031
05,032,SAN JUAN DE SABINAS,05032
05,033,SAN PEDRO,05033
05,034,SIERRA MOJADA,05034
05,035,TORREÓN,05035
05,036,VIESCA,05036
05,037,VILLA UNIÓN,05037
05,038,ZARAGOZA,05038
06,001,ARMERÍA,06001
06,002,COLIMA,06002
06,003,COMALA,06003
06,004,COQUIMATLÁN,06004
06,005,CUAUHTÉMOC,06005
06,006,IXTLAHUACÁN,06006
06,007,MANZANILLO,06007
06,008,MINATITLÁN,06008
06,009,TECOMÁN,06009
06,010,VILLA DE ÁLVAREZ,06010
07,001,ACACOYAGUA,07001
07,002,ACALA,07002
07,003,ACAPETAHUA,07003
07,004,ALTAMIRANO,07004
07,005,AMATÁN,07005
07,006,AMATENANGO DE LA FRONTERA,07006
07,007,AMATENANGO DEL VALLE,07007
07,008,ÁNGEL ALBINO CORZO,07008
07,009,ARRIAGA,07009
07,010,BEJUCAL DE OCAMPO,07010
07,011,BELLA VISTA,07011
07,012,BERRIOZÁBAL,07012
07,013,BOCHIL,07013
07,014,EL BOSQUE,07014
07,015,CACAHOATÁN,07015
07,016,CATAZAJÁ,07016
07,017,CINTALAPA DE FIGUEROA,07017
07,018,COAPILLA,07018
07,019,COMITÁN DE DOMÍNGUEZ,07019
07,020,LA CONCORDIA,07020
07,021,COPAINALÁ,07021
07,022,CHALCHIHUITÁN,07022
07,023,CHAMULA,07023
07,024,CHANAL,07024
07,025,CHAPULTENANGO,07025
07,026,CHENALHÓ,07026
07,027,CHIAPA DE CORZO,07027
07,028,CHIAPILLA,07028
07,029,CHICOASÉN,07029
07,030,CHICOMUSELO,07030
07,031,CHILÓN,07031
07,032,ESCUINTLA,07032
07,033,FRANCISCO LEÓN,07033
07,034,FRONTERA COMALAPA,07034
07,035,FRONTERA HIDALGO,07035
07,036,LA GRANDEZA,07036
07,037,HUEHUETÁN,07037
07,038,HUIXTÁN,07038
07,039,HUITIUPÁN,07039
07,040,HUIXTLA,07040
07,041,LA INDEPENDENCIA,07041
07,042,IXHUATÁN,07042
07,043,IXTACOMITÁN,07043
07,044,IXTAPA,07044
07,045,IXTAPANGAJOYA,07045
07,046,JIQUIPILAS,07046
07,047,JITOTOL,07047
07,048,JUÁREZ,07048
07,049,LARRÁINZAR,07049
07,050,LA LIBERTAD,07050
07,051,MAPASTEPEC,07051
07,052,LAS MARGARITAS,07052
07,053,MAZAPA DE MADERO,07053
07,054,MAZATÁN,07054
07,055,METAPA,07055
07,056,MITONTIC,07056
07,057,MOTOZINTLA,07057
07,058,NICOLÁS RUÍZ,07058
07,059,OCOSINGO,07059
07,060,OCOTEPEC,07060
07,061,OCOZOCOAUTLA DE ESPINOSA,07061
07,062,OSTUACÁN,07062
07,063,OSUMACINTA,07063
07,064,OXCHUC,07064
07,065,PALENQUE,07065
07,066,PANTELHÓ,07066
07,067,PANTEPEC,07067
07,068,PICHUCALCO,07068
07,069,PIJIJIAPAN,07069
07,070,EL PORVENIR,07070
07,071,VILLA COMALTITLÁN,07071
07,072,PUEBLO NUEVO SOLISTAHUACÁN,07072
07,073,RAYÓN,07073
07,074,REFORMA,07074
07,075,LAS ROSAS,07075
07,076,SABANILLA,07076
07,077,SALTO DE AGUA,07077
07,078,SAN CRISTÓBAL DE LAS CASAS,07078
07,079,SAN FERNANDO,07079
07,080,SILTEPEC,07080
07,081,SIMOJOVEL,07081
07,082,SITALÁ,07082
07,083,SOCOLTENANGO,07083
07,084,SOLOSUCHIAPA,07084
07,085,SOYALÓ,07085
07,086,SUCHIAPA,07086
07,087,SUCHIATE,07087
07,088,SUNUAPA,07088
07,089,TAPACHULA,07089
07,090,TAPALAPA,07090
07,091,TAPILULA,07091
07,092,TECPATÁN,07092
07,093,TENEJAPA,07093
07,094,TEOPISCA,07094
07,096,TILA,07096
07,097,TONALÁ,07097
07,098,TOTOLAPA,07098
07,099,LA TRINITARIA,07099
07,100,TUMBALÁ,07100
07,101,TUXTLA GUTIÉRREZ,07101
07,102,TUXTLA CHICO,07102
07,103,TUZANTÁN,07103
07,104,TZIMOL,07104
07,105,UNIÓN JUÁREZ,07105
07,106,VENUSTIANO CARRANZA,07106
07,107,VILLA CORZO,07107
07,108,VILLAFLORES,07108
07,109,YAJALÓN,07109
07,110,SAN LUCAS,07110
07,111,ZINACANTÁN,07111
07,112,SAN JUAN CANCUC,07112
07,113,ALDAMA,07113
07,114,BENEMÉRITO DE LAS AMÉRICAS,07114
07,115,MARAVILLA TENEJAPA,07115
07,116,MARQUÉS DE COMILLAS,07116
07,117,MONTECRISTO DE GUERRERO,07117
07,118,SAN ANDRÉS DURAZNAL,07118
07,119,SANTIAGO EL PINAR,07119
07,120,CAPITÁN LUIS ÁNGEL VIDAL,07120
07,121,RINCÓN CHAMULA SAN PEDRO,07121
07,122,EL PARRAL,07122
07,123,EMILIANO ZAPATA,07123
07,124,MEZCALAPA,07124
07,125,HONDURAS DE LA SIERRA,07125
08,001,AHUMADA,08001
08,002,ALDAMA,08002
08,003,ALLENDE,08003
08,004,AQUILES SERDÁN,08004
08,005,ASCENSIÓN,08005
08,006,BACHÍNIVA,08006
08,007,BALLEZA,08007
08,008,BATOPILAS DE MANUEL GÓMEZ MORÍN,08008
08,009,BOCOYNA,08009
08,010,BUENAVENTURA,08010
08,011,CAMARGO,08011
08,012,CARICHÍ,08012
08,013,CASAS GRANDES,08013
08,014,CORONADO,08014
08,015,COYAME DEL SOTOL,08015
08,016,LA CRUZ,08016
08,017,CUAUHTÉMOC,08017
08,018,CUSIHUIRIACHI,08018
08,019,CHIHUAHUA,08019
08,020,CHÍNIPAS,08020
08,021,DELICIAS,08021
08,022,DR. BELISARIO DOMÍNGUEZ,08022
08,023,GALEANA,08023
08,024,SANTA ISABEL,08024
08,025,GÓMEZ FARÍAS,08025
08,026,GRAN MORELOS,08026
08,027,GUACHOCHI,08027
08,028,GUADALUPE,08028
08,029,GUADALUPE Y CALVO,08029
08,030,GUAZAPARES,08030
08,031,GUERRERO,08031
08,032,HIDALGO DEL PARRAL,08032
08,033,HUEJOTITÁN,08033
08,034,IGNACIO ZARAGOZA,08034
08,035,JANOS,08035
08,036,JIMÉNEZ,08036
08,037,JUÁREZ,08037
08,038,JULIMES,08038
08,039,LÓPEZ,08039
08,040,MADERA,08040
08,041,MAGUARICHI,08041
08,042,MANUEL BENAVIDES,08042
08,043,MATACHÍ,08043
08,044,MATAMOROS,08044
08,045,MEOQUI,08045
08,046,MORELOS,08046
08,047,MORIS,08047
08,048,NAMIQUIPA,08048
08,049,NONOAVA,08049
08,050,NUEVO CASAS GRANDES,08050
08,051,OCAMPO,08051
08,052,OJINAGA,08052
08,053,PRAXEDIS G. GUERRERO,08053
08,054,RIVA PALACIO,08054
08,055,ROSALES,08055
08,056,ROSARIO,08056
08,057,SAN FRANCISCO DE BORJA,08057
08,058,SAN FRANCISCO DE CONCHOS,08058
08,059,SAN FRANCISCO DEL ORO,08059
08,060,SANTA BÁRBARA,08060
08,061,SATEVÓ,08061
08,062,SAUCILLO,08062
08,063,TEMÓSACHIC,08063
08,064,EL TULE,08064
08,065,URIQUE,08065
08,066,URUACHI,08066
08,067,VALLE DE ZARAGOZA,08067
09,002,AZCAPOTZALCO,09002
09,003,COYOACÁN,09003
09,004,CUAJIMALPA DE MORELOS,09004
09,005,GUSTAVO A. MADERO,09005
09,006,IZTACALCO,09006
09,007,IZTAPALAPA,09007
09,008,LA MAGDALENA CONTRERAS,09008
09,009,MILPA ALTA,09009
09,010,ÁLVARO OBREGÓN,09010
09,011,TLÁHUAC,09011
09,012,TLALPAN,09012
09,013,XOCHIMILCO,09013
09,014,BENITO JUÁREZ,09014
09,015,CUAUHTÉMOC,09015
09,016,MIGUEL HIDALGO,09016
09,017,VENUSTIANO CARRANZA,09017
10,001,CANATLÁN,10001
10,002,CANELAS,10002
10,003,CONETO DE COMONFORT,10003
10,004,CUENCAMÉ,10004
10,005,DURANGO,10005
10,006,GENERAL SIMÓN BOLÍVAR,10006
10,007,GÓMEZ PALACIO,10007
10,008,GUADALUPE VICTORIA,10008
10,009,GUANACEVÍ,10009
10,010,HIDALGO,10010
10,011,INDÉ,10011
10,012,LERDO,10012
10,013,MAPIMÍ,10013
10,014,MEZQUITAL,10014
10,015,NAZAS,10015
10,016,NOMBRE DE DIOS,10016
10,017,OCAMPO,10017
10,018,EL ORO,10018
10,019,OTÁEZ,10019
10,020,PÁNUCO DE CORONADO,10020
10,021,PEÑÓN BLANCO,10021
10,022,POANAS,10022
10,023,PUEBLO NUEVO,10023
10,024,RODEO,10024
10,025,SAN BERNARDO,10025
10,026,SAN DIMAS,10026
10,027,SAN JUAN DE GUADALUPE,10027
10,028,SAN JUAN DEL RÍO,10028
10,029,SAN LUIS DEL CORDERO,10029
10,030,SAN PEDRO DEL GALLO,10030
10,031,SANTA CLARA,10031
10,032,SANTIAGO PAPASQUIARO,10032
10,033,SÚCHIL,10033
10,034,TAMAZULA,10034
10,035,TEPEHUANES,10035
10,036,TLAHUALILO,10036
10,037,TOPIA,10037
10,038,VICENTE GUERRERO,10038
10,039,NUEVO IDEAL,10039
11,001,ABASOLO,11001
11,002,ACÁMBARO,11002
11,003,SAN MIGUEL DE ALLENDE,11003
11,004,APASEO EL ALTO,11004
11,005,APASEO EL GRANDE,11005
11,006,ATARJEA,11006
11,007,CELAYA,11007
11,008,MANUEL DOBLADO,11008
11,009,COMONFORT,11009
11,010,CORONEO,11010
11,011,CORTAZAR,11011
11,012,CUERÁMARO,11012
11,013,DOCTOR MORA,11013
11,014,DOLORES HIDALGO CUNA DE LA INDEPENDENCIA NACIONAL,11014
11,015,GUANAJUATO,11015
11,016,HUANÍMARO,11016
11,017,IRAPUATO,11017
11,018,JARAL DEL PROGRESO,11018
11,019,JERÉCUARO,11019
11,020,LEÓN,11020
11,021,MOROLEÓN,11021
11,022,OCAMPO,11022
11,023,PÉNJAMO,11023
11,024,PUEBLO NUEVO,11024
11,025,PURÍSIMA DEL RINCÓN,11025
11,026,ROMITA,11026
11,027,SALAMANCA,11027
11,028,SALVATIERRA,11028
11,029,SAN DIEGO DE LA UNIÓN,11029
11,030,SAN FELIPE,11030
11,031,SAN FRANCISCO DEL RINCÓN,11031
11,032,SAN JOSÉ ITURBIDE,11032
11,033,SAN LUIS DE LA PAZ,11033
11,034,SANTA CATARINA,11034
11,035,SANTA CRUZ DE JUVENTINO ROSAS,11035
11,036,SANTIAGO MARAVATÍO,11036
11,037,SILAO DE LA VICTORIA,11037
11,038,TARANDACUAO,11038
11,039,TARIMORO,11039
11,040,TIERRA BLANCA,11040
11,041,URIANGATO,11041
11,042,VALLE DE SANTIAGO,11042
11,043,VICTORIA,11043
11,044,VILLAGRÁN,11044
11,045,XICHÚ,11045
11,046,YURIRIA,11046
12,001,ACAPULCO DE JUÁREZ,12001
12,002,AHUACUOTZINGO,12002
12,003,AJUCHITLÁN DEL PROGRESO,12003
12,004,ALCOZAUCA DE GUERRERO,12004
12,005,ALPOYECA,12005
12,006,APAXTLA,12006
12,007,ARCELIA,12007
12,008,ATENANGO DEL RÍO,12008
12,009,ATLAMAJALCINGO DEL MONTE,12009
12,010,ATLIXTAC,12010
12,011,ATOYAC DE ÁLVAREZ,12011
12,012,AYUTLA DE LOS LIBRES,12012
12,013,AZOYÚ,12013
12,014,BENITO JUÁREZ,12014
12,015,BUENAVISTA DE CUÉLLAR,12015
12,016,COAHUAYUTLA DE JOSÉ MARÍA IZAZAGA,12016
12,017,COCULA,12017
12,018,COPALA,12018
12,019,COPALILLO,12019
12,020,COPANATOYAC,12020
12,021,COYUCA DE BENÍTEZ,12021
12,022,COYUCA DE CATALÁN,12022
12,023,CUAJINICUILAPA,12023
12,024,CUALÁC,12024
12,025,CUAUTEPEC,12025
12,026,CUETZALA DEL PROGRESO,12026
12,027,CUTZAMALA DE PINZÓN,12027
12,028,CHILAPA DE ÁLVAREZ,12028
12,029,CHILPANCINGO DE LOS BRAVO,12029
12,030,FLORENCIO VILLARREAL,12030
12,031,GENERAL CANUTO A. NERI,12031
12,032,GENERAL HELIODORO CASTILLO,12032
12,033,HUAMUXTITLÁN,12033
12,034,HUITZUCO DE LOS FIGUEROA,12034
12,035,IGUALA DE LA INDEPENDENCIA,12035
12,036,IGUALAPA,12036
12,037,IXCATEOPAN DE CUAUHTÉMOC,12037
12,038,ZIHUATANEJO DE AZUETA,12038
12,039,JUAN R. ESCUDERO,12039
12,040,LEONARDO BRAVO,12040
12,041,MALINALTEPEC,12041
12,042,MÁRTIR DE CUILAPAN,12042
12,043,METLATÓNOC,12043
12,044,MOCHITLÁN,12044
12,045,OLINALÁ,12045
12,046,OMETEPEC,12046
12,047,PEDRO ASCENCIO ALQUISIRAS,12047
12,048,PETATLÁN,12048
12,049,PILCAYA,12049
12,050,PUNGARABATO,12050
12,051,QUECHULTENANGO,12051
12,052,SAN LUIS ACATLÁN,12052
12,053,SAN MARCOS,12053
12,054,SAN MIGUEL TOTOLAPAN,12054
12,055,TAXCO DE ALARCÓN,12055
12,056,TECOANAPA,12056
12,057,TÉCPAN DE GALEANA,12057
12,058,TELOLOAPAN,12058
12,059,TEPECOACUILCO DE TRUJANO,12059
12,060,TETIPAC,12060
12,061,TIXTLA DE GUERRERO,12061
12,062,TLACOACHISTLAHUACA,12062
12,063,TLACOAPA,12063
12,064,TLALCHAPA,12064
12,065,TLALIXTAQUILLA DE MALDONADO,12065
12,066,TLAPA DE COMONFORT,12066
12,067,TLAPEHUALA,12067
12,068,LA UNIÓN DE ISIDORO MONTES DE OCA,12068
12,069,XALPATLÁHUAC,12069
12,070,XOCHIHUEHUETLÁN,12070
12,071,XOCHISTLAHUACA,12071
12,072,ZAPOTITLÁN TABLAS,12072
12,073,ZIRÁNDARO,12073
12,074,ZITLALA,12074
12,075,EDUARDO NERI,12075
12,076,ACATEPEC,12076
12,077,MARQUELIA,12077
12,078,COCHOAPA EL GRANDE,12078
12,079,JOSÉ JOAQUÍN DE HERRERA,12079
12,080,JUCHITÁN,12080
12,081,ILIATENCO,12081
12,082,LAS VIGAS,12082
12,083,ÑUU SAVI,12083
12,084,SANTA CRUZ DEL RINCÓN,12084
12,085,SAN NICOLÁS,12085
13,001,ACATLÁN,13001
13,002,ACAXOCHITLÁN,13002
13,003,ACTOPAN,13003
13,004,AGUA BLANCA DE ITURBIDE,13004
13,005,AJACUBA,13005
13,006,ALFAJAYUCAN,13006
13,007,ALMOLOYA,13007
13,008,APAN,13008
13,009,EL ARENAL,13009
13,010,ATITALAQUIA,13010
13,011,ATLAPEXCO,13011
13,012,ATOTONILCO EL GRANDE,13012
13,013,ATOTONILCO DE TULA,13013
13,014,CALNALI,13014
13,015,CARDONAL,13015
13,016,CUAUTEPEC DE HINOJOSA,13016
13,017,CHAPANTONGO,13017
13,018,CHAPULHUACÁN,13018
13,019,CHILCUAUTLA,13019
13,020,ELOXOCHITLÁN,13020
13,021,EMILIANO ZAPATA,13021
13,022,EPAZOYUCAN,13022
13,023,FRANCISCO I. MADERO,13023
13,024,HUASCA DE OCAMPO,13024
13,025,HUAUTLA,13025
13,026,HUAZALINGO,13026
13,027,HUEHUETLA,13027
13,028,HUEJUTLA DE REYES,13028
13,029,HUICHAPAN,13029
13,030,IXMIQUILPAN,13030
13,031,JACALA DE LEDEZMA,13031
13,032,JALTOCÁN,13032
13,033,JUÁREZ HIDALGO,13033
13,034,LOLOTLA,13034
13,035,METEPEC,13035
13,036,SAN AGUSTÍN METZQUITITLÁN,13036
13,037,METZTITLÁN,13037
13,038,MINERAL DEL CHICO,13038
13,039,MINERAL DEL MONTE,13039
13,040,LA MISIÓN,13040
13,041,MIXQUIAHUALA DE JUÁREZ,13041
13,042,MOLANGO DE ESCAMILLA,13042
13,043,NICOLÁS FLORES,13043
13,044,NOPALA DE VILLAGRÁN,13044
13,045,OMITLÁN DE JUÁREZ,13045
13,046,SAN FELIPE ORIZATLÁN,13046
13,047,PACULA,13047
13,048,PACHUCA DE SOTO,13048
13,049,PISAFLORES,13049
13,050,PROGRESO DE OBREGÓN,13050
13,051,MINERAL DE LA REFORMA,13051
13,052,SAN AGUSTÍN TLAXIACA,13052
13,053,SAN BARTOLO TUTOTEPEC,13053
13,054,SAN SALVADOR,13054
13,055,SANTIAGO DE ANAYA,13055
13,056,SANTIAGO TULANTEPEC DE LUGO GUERRERO,13056
13,057,SINGUILUCAN,13057
13,058,TASQUILLO,13058
13,059,TECOZAUTLA,13059
13,060,TENANGO DE DORIA,13060
13,061,TEPEAPULCO,13061
13,062,TEPEHUACÁN DE GUERRERO,13062
13,063,TEPEJI DEL RÍO DE OCAMPO,13063
13,064,TEPETITLÁN,13064
13,065,TETEPANGO,13065
13,066,VILLA DE TEZONTEPEC,13066
13,067,TEZONTEPEC DE ALDAMA,13067
13,068,TIANGUISTENGO,13068
13,069,TIZAYUCA,13069
13,070,TLAHUELILPAN,13070
13,071,TLAHUILTEPA,13071
13,072,TLANALAPA,13072
13,073,TLANCHINOL,13073
13,074,TLAXCOAPAN,13074
13,075,TOLCAYUCA,13075
13,076,TULA DE ALLENDE,13076
13,077,TULANCINGO DE BRAVO,13077
13,078,XOCHIATIPAN,13078
13,079,XOCHICOATLÁN,13079
13,080,YAHUALICA,13080
13,081,ZACUALTIPÁN DE ÁNGELES,13081
13,082,ZAPOTLÁN DE JUÁREZ,13082
13,083,ZEMPOALA,13083
13,084,ZIMAPÁN,13084
14,001,ACATIC,14001
14,002,ACATLÁN DE JUÁREZ,14002
14,003,AHUALULCO DE MERCADO,14003
14,004,AMACUECA,14004
14,005,AMATITÁN,14005
14,006,AMECA,14006
14,007,SAN JUANITO DE ESCOBEDO,14007
14,008,ARANDAS,14008
14,009,EL ARENAL,14009
14,010,ATEMAJAC DE BRIZUELA,14010
14,011,ATENGO,14011
14,012,ATENGUILLO,14012
14,013,ATOTONILCO EL ALTO,14013
14,014,ATOYAC,14014
14,015,AUTLÁN DE NAVARRO,14015
14,016,AYOTLÁN,14016
14,017,AYUTLA,14017
14,018,LA BARCA,14018
14,019,BOLAÑOS,14019
14,020,CABO CORRIENTES,14020
14,021,CASIMIRO CASTILLO,14021
14,022,CIHUATLÁN,14022
14,023,ZAPOTLÁN EL GRANDE,14023
14,024,COCULA,14024
14,025,COLOTLÁN,14025
14,026,CONCEPCIÓN DE BUENOS AIRES,14026
14,027,CUAUTITLÁN DE GARCÍA BARRAGÁN,14027
14,028,CUAUTLA,14028
14,029,CUQUÍO,14029
14,030,CHAPALA,14030
14,031,CHIMALTITÁN,14031
14,032,CHIQUILISTLÁN,14032
14,033,DEGOLLADO,14033
14,034,EJUTLA,14034
14,035,ENCARNACIÓN DE DÍAZ,14035
14,036,ETZATLÁN,14036
14,037,EL GRULLO,14037
14,038,GUACHINANGO,14038
14,039,GUADALAJARA,14039
14,040,HOSTOTIPAQUILLO,14040
14,041,HUEJÚCAR,14041
14,042,HUEJUQUILLA EL ALTO,14042
14,043,LA HUERTA,14043
14,044,IXTLAHUACÁN DE LOS MEMBRILLOS,14044
14,045,IXTLAHUACÁN DEL RÍO,14045
14,046,JALOSTOTITLÁN,14046
14,047,JAMAY,14047
14,048,JESÚS MARÍA,14048
14,049,JILOTLÁN DE LOS DOLORES,14049
14,050,JOCOTEPEC,14050
14,051,JUANACATLÁN,14051
14,052,JUCHITLÁN,14052
14,053,LAGOS DE MORENO,14053
14,054,EL LIMÓN,14054
14,055,MAGDALENA,14055
14,056,SANTA MARÍA DEL ORO,14056
14,057,LA MANZANILLA DE LA PAZ,14057
14,058,MASCOTA,14058
14,059,MAZAMITLA,14059
14,060,MEXTICACÁN,14060
14,061,MEZQUITIC,14061
14,062,MIXTLÁN,14062
14,063,OCOTLÁN,14063
14,064,OJUELOS DE JALISCO,14064
14,065,PIHUAMO,14065
14,066,PONCITLÁN,14066
14,067,PUERTO VALLARTA,14067
14,068,VILLA PURIFICACIÓN,14068
14,069,QUITUPAN,14069
14,070,EL SALTO,14070
14,071,SAN CRISTÓBAL DE LA BARRANCA,14071
14,072,SAN DIEGO DE ALEJANDRÍA,14072
14,073,SAN JUAN DE LOS LAGOS,14073
14,074,SAN JULIÁN,14074
14,075,SAN MARCOS,14075
14,076,SAN MARTÍN DE BOLAÑOS,14076
14,077,SAN MARTÍN HIDALGO,14077
14,078,SAN MIGUEL EL ALTO,14078
14,079,GÓMEZ FARÍAS,14079
14,080,SAN SEBASTIÁN DEL OESTE,14080
14,081,SANTA MARÍA DE LOS ÁNGELES,14081
14,082,SAYULA,14082
14,083,TALA,14083
14,084,TALPA DE ALLENDE,14084
14,085,TAMAZULA DE GORDIANO,14085
14,086,TAPALPA,14086
14,087,TECALITLÁN,14087
14,088,TECOLOTLÁN,14088
14,089,TECHALUTA DE MONTENEGRO,14089
14,090,TENAMAXTLÁN,14090
14,091,TEOCALTICHE,14091
14,092,TEOCUITATLÁN DE CORONA,14092
14,093,TEPATITLÁN DE MORELOS,14093
14,094,TEQUILA,14094
14,095,TEUCHITLÁN,14095
14,096,TIZAPÁN EL ALTO,14096
14,097,TLAJOMULCO DE ZÚÑIGA,14097
14,098,SAN PEDRO TLAQUEPAQUE,14098
14,099,TOLIMÁN,14099
14,100,TOMATLÁN,14100
14,101,TONALÁ,14101
14,102,TONAYA,14102
14,103,TONILA,14103
14,104,TOTATICHE,14104
14,105,TOTOTLÁN,14105
14,106,TUXCACUESCO,14106
14,107,TUXCUECA,14107
14,108,TUXPAN,14108
14,109,UNIÓN DE SAN ANTONIO,14109
14,110,UNIÓN DE TULA,14110
14,111,VALLE DE GUADALUPE,14111
14,112,VALLE DE JUÁREZ,14112
14,113,SAN GABRIEL,14113
14,114,VILLA CORONA,14114
14,115,VILLA GUERRERO,14115
14,116,VILLA HIDALGO,14116
14,117,CAÑADAS DE OBREGÓN,14117
14,118,YAHUALICA DE GONZÁLEZ GALLO,14118
14,119,ZACOALCO DE TORRES,14119
14,120,ZAPOPAN,14120
14,121,ZAPOTILTIC,14121
14,122,ZAPOTITLÁN DE VADILLO,14122
14,123,ZAPOTLÁN DEL REY,14123
14,124,ZAPOTLANEJO,14124
14,125,SAN IGNACIO CERRO GORDO,14125
15,001,ACAMBAY DE RUÍZ CASTAÑEDA,15001
15,002,ACOLMAN,15002
15,003,ACULCO,15003
15,004,ALMOLOYA DE ALQUISIRAS,15004
15,005,ALMOLOYA DE JUÁREZ,15005
15,006,ALMOLOYA DEL RÍO,15006
15,007,AMANALCO,15007
15,008,AMATEPEC,15008
15,009,AMECAMECA,15009
15,010,APAXCO,15010
15,011,ATENCO,15011
15,012,ATIZAPÁN,15012
15,013,ATIZAPÁN DE ZARAGOZA,15013
15,014,ATLACOMULCO,15014
15,015,ATLAUTLA,15015
15,016,AXAPUSCO,15016
15,017,AYAPANGO,15017
15,018,CALIMAYA,15018
15,019,CAPULHUAC,15019
15,020,COACALCO DE BERRIOZÁBAL,15020
15,021,COATEPEC HARINAS,15021
15,022,COCOTITLÁN,15022
15,023,COYOTEPEC,15023
15,024,CUAUTITLÁN,15024
15,025,CHALCO,15025
15,026,CHAPA DE MOTA,15026
15,027,CHAPULTEPEC,15027
15,028,CHIAUTLA,15028
15,029,CHICOLOAPAN,15029
15,030,CHICONCUAC,15030
15,031,CHIMALHUACÁN,15031
15,032,DONATO GUERRA,15032
15,033,ECATEPEC DE MORELOS,15033
15,034,ECATZINGO,15034
15,035,HUEHUETOCA,15035
15,036,HUEYPOXTLA,15036
15,037,HUIXQUILUCAN,15037
15,038,ISIDRO FABELA,15038
15,039,IXTAPALUCA,15039
15,040,IXTAPAN DE LA SAL,15040
15,041,IXTAPAN DEL ORO,15041
15,042,IXTLAHUACA,15042
15,043,XALATLACO,15043
15,044,JALTENCO,15044
15,045,JILOTEPEC,15045
15,046,JILOTZINGO,15046
15,047,JIQUIPILCO,15047
15,048,JOCOTITLÁN,15048
15,049,JOQUICINGO,15049
15,050,JUCHITEPEC,15050
15,051,LERMA,15051
15,052,MALINALCO,15052
15,053,MELCHOR OCAMPO,15053
15,054,METEPEC,15054
15,055,MEXICALTZINGO,15055
15,056,MORELOS,15056
15,057,NAUCALPAN DE JUÁREZ,15057
15,058,NEZAHUALCÓYOTL,15058
15,059,NEXTLALPAN,15059
15,060,NICOLÁS ROMERO,15060
15,061,NOPALTEPEC,15061
15,062,OCOYOACAC,15062
15,063,OCUILAN,15063
15,064,EL ORO,15064
15,065,OTUMBA,15065
15,066,OTZOLOAPAN,15066
15,067,OTZOLOTEPEC,15067
15,068,OZUMBA,15068
15,069,PAPALOTLA,15069
15,070,LA PAZ,15070
15,071,POLOTITLÁN,15071
15,072,RAYÓN,15072
15,073,SAN ANTONIO LA ISLA,15073
15,074,SAN FELIPE DEL PROGRESO,15074
15,075,SAN MARTÍN DE LAS PIRÁMIDES,15075
15,076,SAN MATEO ATENCO,15076
15,077,SAN SIMÓN DE GUERRERO,15077
15,078,SANTO TOMÁS,15078
15,079,SOYANIQUILPAN DE JUÁREZ,15079
15,080,SULTEPEC,15080
15,081,TECÁMAC,15081
15,082,TEJUPILCO,15082
15,083,TEMAMATLA,15083
15,084,TEMASCALAPA,15084
15,085,TEMASCALCINGO,15085
15,086,TEMASCALTEPEC,15086
15,087,TEMOAYA,15087
15,088,TENANCINGO,15088
15,089,TENANGO DEL AIRE,15089
15,090,TENANGO DEL VALLE,15090
15,091,TEOLOYUCAN,15091
15,092,TEOTIHUACÁN,15092
15,093,TEPETLAOXTOC,15093
15,094,TEPETLIXPA,15094
15,095,TEPOTZOTLÁN,15095
15,096,TEQUIXQUIAC,15096
15,097,TEXCALTITLÁN,15097
15,098,TEXCALYACAC,15098
15,099,TEXCOCO,15099
15,100,TEZOYUCA,15100
15,101,TIANGUISTENCO,15101
15,102,TIMILPAN,15102
15,103,TLALMANALCO,15103
15,104,TLALNEPANTLA DE BAZ,15104
15,105,TLATLAYA,15105
15,106,TOLUCA,15106
15,107,TONATICO,15107
15,108,TULTEPEC,15108
15,109,TULTITLÁN,15109
15,110,VALLE DE BRAVO,15110
15,111,VILLA DE ALLENDE,15111
15,112,VILLA DEL CARBÓN,15112
15,113,VILLA GUERRERO,15113
15,114,VILLA VICTORIA,15114
15,115,XONACATLÁN,15115
15,116,ZACAZONAPAN,15116
15,117,ZACUALPAN,15117
15,118,ZINACANTEPEC,15118
15,119,ZUMPAHUACÁN,15119
15,120,ZUMPANGO,15120
15,121,CUAUTITLÁN IZCALLI,15121
15,122,VALLE DE CHALCO SOLIDARIDAD,15122
15,123,LUVIANOS,15123
15,124,SAN JOSÉ DEL RINCÓN,15124
15,125,TONANITLA,15125
16,001,ACUITZIO,16001
16,002,AGUILILLA,16002
16,003,ÁLVARO OBREGÓN,16003
16,004,ANGAMACUTIRO,16004
16,005,ANGANGUEO,16005
16,006,APATZINGÁN,16006
16,007,APORO,16007
16,008,AQUILA,16008
16,009,ARIO,16009
16,010,ARTEAGA,16010
16,011,BRISEÑAS,16011
16,012,BUENAVISTA,16012
16,013,CARÁCUARO,16013
16,014,COAHUAYANA,16014
16,015,COALCOMÁN DE VÁZQUEZ PALLARES,16015
16,016,COENEO,16016
16,017,CONTEPEC,16017
16,018,COPÁNDARO,16018
16,019,COTIJA,16019
16,020,CUITZEO,16020
16,021,CHARAPAN,16021
16,022,CHARO,16022
16,023,CHAVINDA,16023
16,024,CHERÁN,16024
16,025,CHILCHOTA,16025
16,026,CHINICUILA,16026
16,027,CHUCÁNDIRO,16027
16,028,CHURINTZIO,16028
16,029,CHURUMUCO,16029
16,030,ECUANDUREO,16030
16,031,EPITACIO HUERTA,16031
16,032,ERONGARÍCUARO,16032
16,033,GABRIEL ZAMORA,16033
16,034,HIDALGO,16034
16,035,LA HUACANA,16035
16,036,HUANDACAREO,16036
16,037,HUANIQUEO,16037
16,038,HUETAMO,16038
16,039,HUIRAMBA,16039
16,040,INDAPARAPEO,16040
16,041,IRIMBO,16041
16,042,IXTLÁN,16042
16,043,JACONA,16043
16,044,JIMÉNEZ,16044
16,045,JIQUILPAN,16045
16,046,JUÁREZ,16046
16,047,JUNGAPEO,16047
16,048,LAGUNILLAS,16048
16,049,MADERO,16049
16,050,MARAVATÍO,16050
16,051,MARCOS CASTELLANOS,16051
16,052,LÁZARO CÁRDENAS,16052
16,053,MORELIA,16053
16,054,MORELOS,16054
16,055,MÚGICA,16055
16,056,NAHUATZEN,16056
16,057,NOCUPÉTARO,16057
16,058,NUEVO PARANGARICUTIRO,16058
16,059,NUEVO URECHO,16059
16,060,NUMARÁN,16060
16,061,OCAMPO,16061
16,062,PAJACUARÁN,16062
16,063,PANINDÍCUARO,16063
16,064,PARÁCUARO,16064
16,065,PARACHO,16065
16,066,PÁTZCUARO,16066
16,067,PENJAMILLO,16067
16,068,PERIBÁN,16068
16,069,LA PIEDAD,16069
16,070,PURÉPERO,16070
16,071,PURUÁNDIRO,16071
16,072,QUERÉNDARO,16072
16,073,QUIROGA,16073
16,074,COJUMATLÁN DE RÉGULES,16074
16,075,LOS REYES,16075
16,076,SAHUAYO,16076
16,077,SAN LUCAS,16077
16,078,SANTA ANA MAYA,16078
16,079,SALVADOR ESCALANTE,16079
16,080,SENGUIO,16080
16,081,SUSUPUATO,16081
16,082,TACÁMBARO,16082
16,083,TANCÍTARO,16083
16,084,TANGAMANDAPIO,16084
16,085,TANGANCÍCUARO,16085
16,086,TANHUATO,16086
16,087,TARETAN,16087
16,088,TARÍMBARO,16088
16,089,TEPALCATEPEC,16089
16,090,TINGAMBATO,16090
16,091,TINGÜINDÍN,16091
16,092,TIQUICHEO DE NICOLÁS ROMERO,16092
16,093,TLALPUJAHUA,16093
16,094,TLAZAZALCA,16094
16,095,TOCUMBO,16095
16,096,TUMBISCATÍO,16096
16,097,TURICATO,16097
16,098,TUXPAN,16098
16,099,TUZANTLA,16099
16,100,TZINTZUNTZAN,16100
16,101,TZITZIO,16101
16,102,URUAPAN,16102
16,103,VENUSTIANO CARRANZA,16103
16,104,VILLAMAR,16104
16,105,VISTA HERMOSA,16105
16,106,YURÉCUARO,16106
16,107,ZACAPU,16107
16,108,ZAMORA,16108
16,109,ZINÁPARO,16109
16,110,ZINAPÉCUARO,16110
16,111,ZIRACUARETIRO,16111
16,112,ZITÁCUARO,16112
16,113,JOSÉ SIXTO VERDUZCO,16113
17,001,AMACUZAC,17001
17,002,ATLATLAHUCAN,17002
17,003,AXOCHIAPAN,17003
17,004,AYALA,17004
17,005,COATLÁN DEL RÍO,17005
17,006,CUAUTLA,17006
17,007,CUERNAVACA,17007
17,008,EMILIANO ZAPATA,17008
17,009,HUITZILAC,17009
17,010,JANTETELCO,17010
17,011,JIUTEPEC,17011
17,012,JOJUTLA,17012
17,013,JONACATEPEC DE LEANDRO VALLE,17013
17,014,MAZATEPEC,17014
17,015,MIACATLÁN,17015
17,016,OCUITUCO,17016
17,017,PUENTE DE IXTLA,17017
17,018,TEMIXCO,17018
17,019,TEPALCINGO,17019
17,020,TEPOZTLÁN,17020
17,021,TETECALA,17021
17,022,TETELA DEL VOLCÁN,17022
17,023,TLALNEPANTLA,17023
17,024,TLALTIZAPÁN DE ZAPATA,17024
17,025,TLAQUILTENANGO,17025
17,026,TLAYACAPAN,17026
17,027,TOTOLAPAN,17027
17,028,XOCHITEPEC,17028
17,029,YAUTEPEC,17029
17,030,YECAPIXTLA,17030
17,031,ZACATEPEC,17031
17,032,ZACUALPAN DE AMILPAS,17032
17,033,TEMOAC,17033
17,034,COATETELCO,17034
17,035,XOXOCOTLA,17035
17,036,HUEYAPAN,17036
18,001,ACAPONETA,18001
18,002,AHUACATLÁN,18002
18,003,AMATLÁN DE CAÑAS,18003
18,004,COMPOSTELA,18004
18,005,HUAJICORI,18005
18,006,IXTLÁN DEL RÍO,18006
18,007,JALA,18007
18,008,XALISCO,18008
18,009,DEL NAYAR,18009
18,010,ROSAMORADA,18010
18,011,RUÍZ,18011
18,012,SAN BLAS,18012
18,013,SAN PEDRO LAGUNILLAS,18013
18,014,SANTA MARÍA DEL ORO,18014
18,015,SANTIAGO IXCUINTLA,18015
18,016,TECUALA,18016
18,017,TEPIC,18017
18,018,TUXPAN,18018
18,019,LA YESCA,18019
18,020,BAHÍA DE BANDERAS,18020
19,001,ABASOLO,19001
19,002,AGUALEGUAS,19002
19,003,LOS ALDAMAS,19003
19,004,ALLENDE,19004
19,005,ANÁHUAC,19005
19,006,APODACA,19006
19,007,ARAMBERRI,19007
19,008,BUSTAMANTE,19008
19,009,CADEREYTA JIMÉNEZ,19009
19,010,EL CARMEN,19010
19,011,CERRALVO,19011
19,012,CIÉNEGA DE FLORES,19012
19,013,CHINA,19013
19,014,DOCTOR ARROYO,19014
19,015,DOCTOR COSS,19015
19,016,DOCTOR GONZÁLEZ,19016
19,017,GALEANA,19017
19,018,GARCÍA,19018
19,019,SAN PEDRO GARZA GARCÍA,19019
19,020,GENERAL BRAVO,19020
19,021,GENERAL ESCOBEDO,19021
19,022,GENERAL TERÁN,19022
19,023,GENERAL TREVIÑO,19023
19,024,GENERAL ZARAGOZA,19024
19,025,GENERAL ZUAZUA,19025
19,026,GUADALUPE,19026
19,027,LOS HERRERAS,19027
19,028,HIGUERAS,19028
19,029,HUALAHUISES,19029
19,030,ITURBIDE,19030
19,031,JUÁREZ,19031
19,032,LAMPAZOS DE NARANJO,19032
19,033,LINARES,19033
19,034,MARÍN,19034
19,035,MELCHOR OCAMPO,19035
19,036,MIER Y NORIEGA,19036
19,037,MINA,19037
19,038,MONTEMORELOS,19038
19,039,MONTERREY,19039
19,040,PARÁS,19040
19,041,PESQUERÍA,19041
19,042,LOS RAMONES,19042
19,043,RAYONES,19043
19,044,SABINAS HIDALGO,19044
19,045,SALINAS VICTORIA,19045
19,046,SAN NICOLÁS DE LOS GARZA,19046
19,047,HIDALGO,19047
19,048,SANTA CATARINA,19048
19,049,SANTIAGO,19049
19,050,VALLECILLO,19050
19,051,VILLALDAMA,19051
20,001,ABEJONES,20001
20,002,ACATLÁN DE PÉREZ FIGUEROA,20002
20,003,ASUNCIÓN CACALOTEPEC,20003
20,004,ASUNCIÓN CUYOTEPEJI,20004
20,005,ASUNCIÓN IXTALTEPEC,20005
20,006,ASUNCIÓN NOCHIXTLÁN,20006
20,007,ASUNCIÓN OCOTLÁN,20007
20,008,ASUNCIÓN TLACOLULITA,20008
20,009,AYOTZINTEPEC,20009
20,010,EL BARRIO DE LA SOLEDAD,20010
20,011,CALIHUALÁ,20011
20,012,CANDELARIA LOXICHA,20012
20,013,CIÉNEGA DE ZIMATLÁN,20013
20,014,CIUDAD IXTEPEC,20014
20,015,COATECAS ALTAS,20015
20,016,COICOYÁN DE LAS FLORES,20016
20,017,LA COMPAÑÍA,20017
20,018,CONCEPCIÓN BUENAVISTA,20018
20,019,CONCEPCIÓN PÁPALO,20019
20,020,CONSTANCIA DEL ROSARIO,20020
20,021,COSOLAPA,20021
20,022,COSOLTEPEC,20022
20,023,CUILÁPAM DE GUERRERO,20023
20,024,CUYAMECALCO VILLA DE ZARAGOZA,20024
20,025,CHAHUITES,20025
20,026,CHALCATONGO DE HIDALGO,20026
20,027,CHIQUIHUITLÁN DE BENITO JUÁREZ,20027
20,028,HEROICA CIUDAD DE EJUTLA DE CRESPO,20028
20,029,ELOXOCHITLÁN DE FLORES MAGÓN,20029
20,030,EL ESPINAL,20030
20,031,TAMAZULÁPAM DEL ESPÍRITU SANTO,20031
20,032,FRESNILLO DE TRUJANO,20032
20,033,GUADALUPE ETLA,20033
20,034,GUADALUPE DE RAMÍREZ,20034
20,035,GUELATAO DE JUÁREZ,20035
20,036,GUEVEA DE HUMBOLDT,20036
20,037,MESONES HIDALGO,20037
20,038,VILLA HIDALGO YALÁLAG,20038
20,039,HEROICA CIUDAD DE HUAJUAPAN DE LEÓN,20039
20,040,HUAUTEPEC,20040
20,041,HUAUTLA DE JIMÉNEZ,20041
20,042,IXTLÁN DE JUÁREZ,20042
20,043,HEROICA CIUDAD DE JUCHITÁN DE ZARAGOZA,20043
20,044,LOMA BONITA,20044
20,045,MAGDALENA APASCO,20045
20,046,MAGDALENA JALTEPEC,20046
20,047,SANTA MAGDALENA JICOTLÁN,20047
20,048,MAGDALENA MIXTEPEC,20048
20,049,MAGDALENA OCOTLÁN,20049
20,050,MAGDALENA PEÑASCO,20050
20,051,MAGDALENA TEITIPAC,20051
20,052,MAGDALENA TEQUISISTLÁN,20052
20,053,MAGDALENA TLACOTEPEC,20053
20,054,MAGDALENA ZAHUATLÁN,20054
20,055,MARISCALA DE JUÁREZ,20055
20,056,MÁRTIRES DE TACUBAYA,20056
20,057,MATÍAS ROMERO AVENDAÑO,20057
20,058,MAZATLÁN VILLA DE FLORES,20058
20,059,MIAHUATLÁN DE PORFIRIO DÍAZ,20059
20,060,MIXISTLÁN DE LA REFORMA,20060
20,061,MONJAS,20061
20,062,NATIVIDAD,20062
20,063,NAZARENO ETLA,20063
20,064,NEJAPA DE MADERO,20064
20,065,IXPANTEPEC NIEVES,20065
20,066,SANTIAGO NILTEPEC,20066
20,067,OAXACA DE JUÁREZ,20067
20,068,OCOTLÁN DE MORELOS,20068
20,069,LA PE,20069
20,070,PINOTEPA DE DON LUIS,20070
20,071,PLUMA HIDALGO,20071
20,072,SAN JOSÉ DEL PROGRESO,20072
20,073,PUTLA VILLA DE GUERRERO,20073
20,074,SANTA CATARINA QUIOQUITANI,20074
20,075,REFORMA DE PINEDA,20075
20,076,LA REFORMA,20076
20,077,REYES ETLA,20077
20,078,ROJAS DE CUAUHTÉMOC,20078
20,079,SALINA CRUZ,20079
20,080,SAN AGUSTÍN AMATENGO,20080
20,081,SAN AGUSTÍN ATENANGO,20081
20,082,SAN AGUSTÍN CHAYUCO,20082
20,083,SAN AGUSTÍN DE LAS JUNTAS,20083
20,084,SAN AGUSTÍN ETLA,20084
20,085,SAN AGUSTÍN LOXICHA,20085
20,086,SAN AGUSTÍN TLACOTEPEC,20086
20,087,SAN AGUSTÍN YATARENI,20087
20,088,SAN ANDRÉS CABECERA NUEVA,20088
20,089,SAN ANDRÉS DINICUITI,20089
20,090,SAN ANDRÉS HUAXPALTEPEC,20090
20,091,SAN ANDRÉS HUAYÁPAM,20091
20,092,SAN ANDRÉS IXTLAHUACA,20092
20,093,SAN ANDRÉS LAGUNAS,20093
20,094,SAN ANDRÉS NUXIÑO,20094
20,095,SAN ANDRÉS PAXTLÁN,20095
20,096,SAN ANDRÉS SINAXTLA,20096
20,097,SAN ANDRÉS SOLAGA,20097
20,098,SAN ANDRÉS TEOTILÁLPAM,20098
20,099,SAN ANDRÉS TEPETLAPA,20099
20,100,SAN ANDRÉS YAÁ,20100
20,101,SAN ANDRÉS ZABACHE,20101
20,102,SAN ANDRÉS ZAUTLA,20102
20,103,SAN ANTONINO CASTILLO VELASCO,20103
20,104,SAN ANTONINO EL ALTO,20104
20,105,SAN ANTONINO MONTE VERDE,20105
20,106,SAN ANTONIO ACUTLA,20106
20,107,SAN ANTONIO DE LA CAL,20107
20,108,SAN ANTONIO HUITEPEC,20108
20,109,SAN ANTONIO NANAHUATÍPAM,20109
20,110,SAN ANTONIO SINICAHUA,20110
20,111,SAN ANTONIO TEPETLAPA,20111
20,112,SAN BALTAZAR CHICHICÁPAM,20112
20,113,SAN BALTAZAR LOXICHA,20113
20,114,SAN BALTAZAR YATZACHI EL BAJO,20114
20,115,SAN BARTOLO COYOTEPEC,20115
20,116,SAN BARTOLOMÉ AYAUTLA,20116
20,117,SAN BARTOLOMÉ LOXICHA,20117
20,118,SAN BARTOLOMÉ QUIALANA,20118
20,119,SAN BARTOLOMÉ YUCUAÑE,20119
20,120,SAN BARTOLOMÉ ZOOGOCHO,20120
20,121,SAN BARTOLO SOYALTEPEC,20121
20,122,SAN BARTOLO YAUTEPEC,20122
20,123,SAN BERNARDO MIXTEPEC,20123
20,124,HEROICA VILLA DE SAN BLAS ATEMPA,20124
20,125,SAN CARLOS YAUTEPEC,20125
20,126,SAN CRISTÓBAL AMATLÁN,20126
20,127,SAN CRISTÓBAL AMOLTEPEC,20127
20,128,SAN CRISTÓBAL LACHIRIOAG,20128
20,129,SAN CRISTÓBAL SUCHIXTLAHUACA,20129
20,130,SAN DIONISIO DEL MAR,20130
20,131,SAN DIONISIO OCOTEPEC,20131
20,132,SAN DIONISIO OCOTLÁN,20132
20,133,SAN ESTEBAN ATATLAHUCA,20133
20,134,SAN FELIPE JALAPA DE DÍAZ,20134
20,135,SAN FELIPE TEJALÁPAM,20135
20,136,SAN FELIPE USILA,20136
20,137,SAN FRANCISCO CAHUACUÁ,20137
20,138,SAN FRANCISCO CAJONOS,20138
20,139,SAN FRANCISCO CHAPULAPA,20139
20,140,SAN FRANCISCO CHINDÚA,20140
20,141,SAN FRANCISCO DEL MAR,20141
20,142,SAN FRANCISCO HUEHUETLÁN,20142
20,143,SAN FRANCISCO IXHUATÁN,20143
20,144,SAN FRANCISCO JALTEPETONGO,20144
20,145,SAN FRANCISCO LACHIGOLÓ,20145
20,146,SAN FRANCISCO LOGUECHE,20146
20,147,SAN FRANCISCO NUXAÑO,20147
20,148,SAN FRANCISCO OZOLOTEPEC,20148
20,149,SAN FRANCISCO SOLA,20149
20,150,SAN FRANCISCO TELIXTLAHUACA,20150
20,151,SAN FRANCISCO TEOPAN,20151
20,152,SAN FRANCISCO TLAPANCINGO,20152
20,153,SAN GABRIEL MIXTEPEC,20153
20,154,SAN ILDEFONSO AMATLÁN,20154
20,155,SAN ILDEFONSO SOLA,20155
20,156,SAN ILDEFONSO VILLA ALTA,20156
20,157,SAN JACINTO AMILPAS,20157
20,158,SAN JACINTO TLACOTEPEC,20158
20,159,SAN JERÓNIMO COATLÁN,20159
20,160,SAN JERÓNIMO SILACAYOAPILLA,20160
20,161,SAN JERÓNIMO SOSOLA,20161
20,162,SAN JERÓNIMO TAVICHE,20162
20,163,SAN JERÓNIMO TECÓATL,20163
20,164,SAN JORGE NUCHITA,20164
20,165,SAN JOSÉ AYUQUILA,20165
20,166,SAN JOSÉ CHILTEPEC,20166
20,167,SAN JOSÉ DEL PEÑASCO,20167
20,168,SAN JOSÉ ESTANCIA GRANDE,20168
20,169,SAN JOSÉ INDEPENDENCIA,20169
20,170,SAN JOSÉ LACHIGUIRI,20170
20,171,SAN JOSÉ TENANGO,20171
20,172,SAN JUAN ACHIUTLA,20172
20,173,SAN JUAN ATEPEC,20173
20,174,ÁNIMAS TRUJANO,20174
20,175,SAN JUAN BAUTISTA ATATLAHUCA,20175
20,176,SAN JUAN BAUTISTA COIXTLAHUACA,20176
20,177,SAN JUAN BAUTISTA CUICATLÁN,20177
20,178,SAN JUAN BAUTISTA GUELACHE,20178
20,179,SAN JUAN BAUTISTA JAYACATLÁN,20179
20,180,SAN JUAN BAUTISTA LO DE SOTO,20180
20,181,SAN JUAN BAUTISTA SUCHITEPEC,20181
20,182,SAN JUAN BAUTISTA TLACOATZINTEPEC,20182
20,183,SAN JUAN BAUTISTA TLACHICHILCO,20183
20,184,SAN JUAN BAUTISTA TUXTEPEC,20184
20,185,SAN JUAN CACAHUATEPEC,20185
20,186,SAN JUAN CIENEGUILLA,20186
20,187,SAN JUAN COATZÓSPAM,20187
20,188,SAN JUAN COLORADO,20188
20,189,SAN JUAN COMALTEPEC,20189
20,190,SAN JUAN COTZOCÓN,20190
20,191,SAN JUAN CHICOMEZÚCHIL,20191
20,192,SAN JUAN CHILATECA,20192
20,193,SAN JUAN DEL ESTADO,20193
20,194,SAN JUAN DEL RÍO,20194
20,195,SAN JUAN DIUXI,20195
20,196,SAN JUAN EVANGELISTA ANALCO,20196
20,197,SAN JUAN GUELAVÍA,20197
20,198,SAN JUAN GUICHICOVI,20198
20,199,SAN JUAN IHUALTEPEC,20199
20,200,SAN JUAN JUQUILA MIXES,20200
20,201,SAN JUAN JUQUILA VIJANOS,20201
20,202,SAN JUAN LACHAO,20202
20,203,SAN JUAN LACHIGALLA,20203
20,204,SAN JUAN LAJARCIA,20204
20,205,SAN JUAN LALANA,20205
20,206,SAN JUAN DE LOS CUÉS,20206
20,207,SAN JUAN MAZATLÁN,20207
20,208,SAN JUAN MIXTEPEC,20208
20,209,SAN JUAN MIXTEPEC,20209
20,210,SAN JUAN ÑUMÍ,20210
20,211,SAN JUAN OZOLOTEPEC,20211
20,212,SAN JUAN PETLAPA,20212
20,213,SAN JUAN QUIAHIJE,20213
20,214,SAN JUAN QUIOTEPEC,20214
20,215,SAN JUAN SAYULTEPEC,20215
20,216,SAN JUAN TABAÁ,20216
20,217,SAN JUAN TAMAZOLA,20217
20,218,SAN JUAN TEITA,20218
20,219,SAN JUAN TEITIPAC,20219
20,220,SAN JUAN TEPEUXILA,20220
20,221,SAN JUAN TEPOSCOLULA,20221
20,222,SAN JUAN YAEÉ,20222
20,223,SAN JUAN YATZONA,20223
20,224,SAN JUAN YUCUITA,20224
20,225,SAN LORENZO,20225
20,226,SAN LORENZO ALBARRADAS,20226
20,227,SAN LORENZO CACAOTEPEC,20227
20,228,SAN LORENZO CUAUNECUILTITLA,20228
20,229,SAN LORENZO TEXMELÚCAN,20229
20,230,SAN LORENZO VICTORIA,20230
20,231,SAN LUCAS CAMOTLÁN,20231
20,232,SAN LUCAS OJITLÁN,20232
20,233,SAN LUCAS QUIAVINÍ,20233
20,234,SAN LUCAS ZOQUIÁPAM,20234
20,235,SAN LUIS AMATLÁN,20235
20,236,SAN MARCIAL OZOLOTEPEC,20236
20,237,SAN MARCOS ARTEAGA,20237
20,238,HEROICO SAN MARTÍN DE LOS CANSECOS,20238
20,239,SAN MARTÍN HUAMELÚLPAM,20239
20,240,SAN MARTÍN ITUNYOSO,20240
20,241,SAN MARTÍN LACHILÁ,20241
20,242,SAN MARTÍN PERAS,20242
20,243,SAN MARTÍN TILCAJETE,20243
20,244,SAN MARTÍN TOXPALAN,20244
20,245,SAN MARTÍN ZACATEPEC,20245
20,246,SAN MATEO CAJONOS,20246
20,247,CAPULÁLPAM DE MÉNDEZ,20247
20,248,SAN MATEO DEL MAR,20248
20,249,SAN MATEO YOLOXOCHITLÁN,20249
20,250,SAN MATEO ETLATONGO,20250
20,251,SAN MATEO NEJÁPAM,20251
20,252,SAN MATEO PEÑASCO,20252
20,253,SAN MATEO PIÑAS,20253
20,254,SAN MATEO RÍO HONDO,20254
20,255,SAN MATEO SINDIHUI,20255
20,256,SAN MATEO TLAPILTEPEC,20256
20,257,SAN MELCHOR BETAZA,20257
20,258,SAN MIGUEL ACHIUTLA,20258
20,259,SAN MIGUEL AHUEHUETITLÁN,20259
20,260,SAN MIGUEL ALOÁPAM,20260
20,261,SAN MIGUEL AMATITLÁN,20261
20,262,SAN MIGUEL AMATLÁN,20262
20,263,SAN MIGUEL COATLÁN,20263
20,264,SAN MIGUEL CHICAHUA,20264
20,265,SAN MIGUEL CHIMALAPA,20265
20,266,SAN MIGUEL DEL PUERTO,20266
20,267,SAN MIGUEL DEL RÍO,20267
20,268,SAN MIGUEL EJUTLA,20268
20,269,SAN MIGUEL EL GRANDE,20269
20,270,SAN MIGUEL HUAUTLA,20270
20,271,SAN MIGUEL MIXTEPEC,20271
20,272,SAN MIGUEL PANIXTLAHUACA,20272
20,273,SAN MIGUEL PERAS,20273
20,274,SAN MIGUEL PIEDRAS,20274
20,275,SAN MIGUEL QUETZALTEPEC,20275
20,276,SAN MIGUEL SANTA FLOR,20276
20,277,VILLA SOLA DE VEGA,20277
20,278,SAN MIGUEL SOYALTEPEC,20278
20,279,SAN MIGUEL SUCHIXTEPEC,20279
20,280,VILLA TALEA DE CASTRO,20280
20,281,SAN MIGUEL TECOMATLÁN,20281
20,282,SAN MIGUEL TENANGO,20282
20,283,SAN MIGUEL TEQUIXTEPEC,20283
20,284,SAN MIGUEL TILQUIÁPAM,20284
20,285,SAN MIGUEL TLACAMAMA,20285
20,286,SAN MIGUEL TLACOTEPEC,20286
20,287,SAN MIGUEL TULANCINGO,20287
20,288,SAN MIGUEL YOTAO,20288
20,289,SAN NICOLÁS,20289
20,290,SAN NICOLÁS HIDALGO,20290
20,291,SAN PABLO COATLÁN,20291
20,292,SAN PABLO CUATRO VENADOS,20292
20,293,SAN PABLO ETLA,20293
20,294,SAN PABLO HUITZO,20294
20,295,SAN PABLO HUIXTEPEC,20295
20,296,SAN PABLO MACUILTIANGUIS,20296
20,297,SAN PABLO TIJALTEPEC,20297
20,298,SAN PABLO VILLA DE MITLA,20298
20,299,SAN PABLO YAGANIZA,20299
20,300,SAN PEDRO AMUZGOS,20300
20,301,SAN PEDRO APÓSTOL,20301
20,302,SAN PEDRO ATOYAC,20302
20,303,SAN PEDRO CAJONOS,20303
20,304,SAN PEDRO COXCALTEPEC CÁNTAROS,20304
20,305,SAN PEDRO COMITANCILLO,20305
20,306,SAN PEDRO EL ALTO,20306
20,307,SAN PEDRO HUAMELULA,20307
20,308,SAN PEDRO HUILOTEPEC,20308
20,309,SAN PEDRO IXCATLÁN,20309
20,310,SAN PEDRO IXTLAHUACA,20310
20,311,SAN PEDRO JALTEPETONGO,20311
20,312,SAN PEDRO JICAYÁN,20312
20,313,SAN PEDRO JOCOTIPAC,20313
20,314,SAN PEDRO JUCHATENGO,20314
20,315,SAN PEDRO MÁRTIR,20315
20,316,SAN PEDRO MÁRTIR QUIECHAPA,20316
20,317,SAN PEDRO MÁRTIR YUCUXACO,20317
20,318,SAN PEDRO MIXTEPEC,20318
20,319,SAN PEDRO MIXTEPEC,20319
20,320,SAN PEDRO MOLINOS,20320
20,321,SAN PEDRO NOPALA,20321
20,322,SAN PEDRO OCOPETATILLO,20322
20,323,SAN PEDRO OCOTEPEC,20323
20,324,SAN PEDRO POCHUTLA,20324
20,325,SAN PEDRO QUIATONI,20325
20,326,SAN PEDRO SOCHIÁPAM,20326
20,327,SAN PEDRO TAPANATEPEC,20327
20,328,SAN PEDRO TAVICHE,20328
20,329,SAN PEDRO TEOZACOALCO,20329
20,330,SAN PEDRO TEUTILA,20330
20,331,SAN PEDRO TIDAÁ,20331
20,332,SAN PEDRO TOPILTEPEC,20332
20,333,SAN PEDRO TOTOLÁPAM,20333
20,334,VILLA DE TUTUTEPEC,20334
20,335,SAN PEDRO YANERI,20335
20,336,SAN PEDRO YÓLOX,20336
20,337,SAN PEDRO Y SAN PABLO AYUTLA,20337
20,338,VILLA DE ETLA,20338
20,339,SAN PEDRO Y SAN PABLO TEPOSCOLULA,20339
20,340,SAN PEDRO Y SAN PABLO TEQUIXTEPEC,20340
20,341,SAN PEDRO YUCUNAMA,20341
20,342,SAN RAYMUNDO JALPAN,20342
20,343,SAN SEBASTIÁN ABASOLO,20343
20,344,SAN SEBASTIÁN COATLÁN,20344
20,345,SAN SEBASTIÁN IXCAPA,20345
20,346,SAN SEBASTIÁN NICANANDUTA,20346
20,347,SAN SEBASTIÁN RÍO HONDO,20347
20,348,SAN SEBASTIÁN TECOMAXTLAHUACA,20348
20,349,SAN SEBASTIÁN TEITIPAC,20349
20,350,SAN SEBASTIÁN TUTLA,20350
20,351,SAN SIMÓN ALMOLONGAS,20351
20,352,SAN SIMÓN ZAHUATLÁN,20352
20,353,SANTA ANA,20353
20,354,SANTA ANA ATEIXTLAHUACA,20354
20,355,SANTA ANA CUAUHTÉMOC,20355
20,356,SANTA ANA DEL VALLE,20356
20,357,SANTA ANA TAVELA,20357
20,358,SANTA ANA TLAPACOYAN,20358
20,359,SANTA ANA YARENI,20359
20,360,SANTA ANA ZEGACHE,20360
20,361,SANTA CATALINA QUIERÍ,20361
20,362,SANTA CATARINA CUIXTLA,20362
20,363,SANTA CATARINA IXTEPEJI,20363
20,364,SANTA CATARINA JUQUILA,20364
20,365,SANTA CATARINA LACHATAO,20365
20,366,SANTA CATARINA LOXICHA,20366
20,367,SANTA CATARINA MECHOACÁN,20367
20,368,SANTA CATARINA MINAS,20368
20,369,SANTA CATARINA QUIANÉ,20369
20,370,SANTA CATARINA TAYATA,20370
20,371,SANTA CATARINA TICUÁ,20371
20,372,SANTA CATARINA YOSONOTÚ,20372
20,373,SANTA CATARINA ZAPOQUILA,20373
20,374,SANTA CRUZ ACATEPEC,20374
20,375,SANTA CRUZ AMILPAS,20375
20,376,SANTA CRUZ DE BRAVO,20376
20,377,SANTA CRUZ ITUNDUJIA,20377
20,378,SANTA CRUZ MIXTEPEC,20378
20,379,SANTA CRUZ NUNDACO,20379
20,380,SANTA CRUZ PAPALUTLA,20380
20,381,SANTA CRUZ TACACHE DE MINA,20381
20,382,SANTA CRUZ TACAHUA,20382
20,383,SANTA CRUZ TAYATA,20383
20,384,SANTA CRUZ XITLA,20384
20,385,SANTA CRUZ XOXOCOTLÁN,20385
20,386,SANTA CRUZ ZENZONTEPEC,20386
20,387,SANTA GERTRUDIS,20387
20,388,SANTA INÉS DEL MONTE,20388
20,389,SANTA INÉS YATZECHE,20389
20,390,SANTA LUCÍA DEL CAMINO,20390
20,391,SANTA LUCÍA MIAHUATLÁN,20391
20,392,SANTA LUCÍA MONTEVERDE,20392
20,393,SANTA LUCÍA OCOTLÁN,20393
20,394,SANTA MARÍA ALOTEPEC,20394
20,395,SANTA MARÍA APAZCO,20395
20,396,SANTA MARÍA LA ASUNCIÓN,20396
20,397,HEROICA CIUDAD DE TLAXIACO,20397
20,398,AYOQUEZCO DE ALDAMA,20398
20,399,SANTA MARÍA ATZOMPA,20399
20,400,SANTA MARÍA CAMOTLÁN,20400
20,401,SANTA MARÍA COLOTEPEC,20401
20,402,SANTA MARÍA CORTIJO,20402
20,403,SANTA MARÍA COYOTEPEC,20403
20,404,SANTA MARÍA CHACHOÁPAM,20404
20,405,VILLA DE CHILAPA DE DÍAZ,20405
20,406,SANTA MARÍA CHILCHOTLA,20406
20,407,SANTA MARÍA CHIMALAPA,20407
20,408,SANTA MARÍA DEL ROSARIO,20408
20,409,SANTA MARÍA DEL TULE,20409
20,410,SANTA MARÍA ECATEPEC,20410
20,411,SANTA MARÍA GUELACÉ,20411
20,412,SANTA MARÍA GUIENAGATI,20412
20,413,SANTA MARÍA HUATULCO,20413
20,414,SANTA MARÍA HUAZOLOTITLÁN,20414
20,415,SANTA MARÍA IPALAPA,20415
20,416,SANTA MARÍA IXCATLÁN,20416
20,417,SANTA MARÍA JACATEPEC,20417
20,418,SANTA MARÍA JALAPA DEL MARQUÉS,20418
20,419,SANTA MARÍA JALTIANGUIS,20419
20,420,SANTA MARÍA LACHIXÍO,20420
20,421,SANTA MARÍA MIXTEQUILLA,20421
20,422,SANTA MARÍA NATIVITAS,20422
20,423,SANTA MARÍA NDUAYACO,20423
20,424,SANTA MARÍA OZOLOTEPEC,20424
20,425,SANTA MARÍA PÁPALO,20425
20,426,SANTA MARÍA PEÑOLES,20426
20,427,SANTA MARÍA PETAPA,20427
20,428,SANTA MARÍA QUIEGOLANI,20428
20,429,SANTA MARÍA SOLA,20429
20,430,SANTA MARÍA TATALTEPEC,20430
20,431,SANTA MARÍA TECOMAVACA,20431
20,432,SANTA MARÍA TEMAXCALAPA,20432
20,433,SANTA MARÍA TEMAXCALTEPEC,20433
20,434,SANTA MARÍA TEOPOXCO,20434
20,435,SANTA MARÍA TEPANTLALI,20435
20,436,SANTA MARÍA TEXCATITLÁN,20436
20,437,SANTA MARÍA TLAHUITOLTEPEC,20437
20,438,SANTA MARÍA TLALIXTAC,20438
20,439,SANTA MARÍA TONAMECA,20439
20,440,SANTA MARÍA TOTOLAPILLA,20440
20,441,SANTA MARÍA XADANI,20441
20,442,SANTA MARÍA YALINA,20442
20,443,SANTA MARÍA YAVESÍA,20443
20,444,SANTA MARÍA YOLOTEPEC,20444
20,445,SANTA MARÍA YOSOYÚA,20445
20,446,SANTA MARÍA YUCUHITI,20446
20,447,SANTA MARÍA ZACATEPEC,20447
20,448,SANTA MARÍA ZANIZA,20448
20,449,SANTA MARÍA ZOQUITLÁN,20449
20,450,SANTIAGO AMOLTEPEC,20450
20,451,SANTIAGO APOALA,20451
20,452,SANTIAGO APÓSTOL,20452
20,453,SANTIAGO ASTATA,20453
20,454,SANTIAGO ATITLÁN,20454
20,455,SANTIAGO AYUQUILILLA,20455
20,456,SANTIAGO CACALOXTEPEC,20456
20,457,SANTIAGO CAMOTLÁN,20457
20,458,SANTIAGO COMALTEPEC,20458
20,459,VILLA DE SANTIAGO CHAZUMBA,20459
20,460,SANTIAGO CHOÁPAM,20460
20,461,SANTIAGO DEL RÍO,20461
20,462,SANTIAGO HUAJOLOTITLÁN,20462
20,463,SANTIAGO HUAUCLILLA,20463
20,464,SANTIAGO IHUITLÁN PLUMAS,20464
20,465,SANTIAGO IXCUINTEPEC,20465
20,466,SANTIAGO IXTAYUTLA,20466
20,467,SANTIAGO JAMILTEPEC,20467
20,468,SANTIAGO JOCOTEPEC,20468
20,469,SANTIAGO JUXTLAHUACA,20469
20,470,SANTIAGO LACHIGUIRI,20470
20,471,SANTIAGO LALOPA,20471
20,472,SANTIAGO LAOLLAGA,20472
20,473,SANTIAGO LAXOPA,20473
20,474,SANTIAGO LLANO GRANDE,20474
20,475,SANTIAGO MATATLÁN,20475
20,476,SANTIAGO MILTEPEC,20476
20,477,SANTIAGO MINAS,20477
20,478,SANTIAGO NACALTEPEC,20478
20,479,SANTIAGO NEJAPILLA,20479
20,480,SANTIAGO NUNDICHE,20480
20,481,SANTIAGO NUYOÓ,20481
20,482,SANTIAGO PINOTEPA NACIONAL,20482
20,483,SANTIAGO SUCHILQUITONGO,20483
20,484,SANTIAGO TAMAZOLA,20484
20,485,SANTIAGO TAPEXTLA,20485
20,486,VILLA TEJÚPAM DE LA UNIÓN,20486
20,487,SANTIAGO TENANGO,20487
20,488,SANTIAGO TEPETLAPA,20488
20,489,SANTIAGO TETEPEC,20489
20,490,SANTIAGO TEXCALCINGO,20490
20,491,SANTIAGO TEXTITLÁN,20491
20,492,SANTIAGO TILANTONGO,20492
20,493,SANTIAGO TILLO,20493
20,494,SANTIAGO TLAZOYALTEPEC,20494
20,495,SANTIAGO XANICA,20495
20,496,SANTIAGO XIACUÍ,20496
20,497,SANTIAGO YAITEPEC,20497
20,498,SANTIAGO YAVEO,20498
20,499,SANTIAGO YOLOMÉCATL,20499
20,500,SANTIAGO YOSONDÚA,20500
20,501,SANTIAGO YUCUYACHI,20501
20,502,SANTIAGO ZACATEPEC,20502
20,503,SANTIAGO ZOOCHILA,20503
20,504,NUEVO ZOQUIÁPAM,20504
20,505,SANTO DOMINGO INGENIO,20505
20,506,SANTO DOMINGO ALBARRADAS,20506
20,507,SANTO DOMINGO ARMENTA,20507
20,508,SANTO DOMINGO CHIHUITÁN,20508
20,509,SANTO DOMINGO DE MORELOS,20509
20,510,SANTO DOMINGO IXCATLÁN,20510
20,511,SANTO DOMINGO NUXAÁ,20511
20,512,SANTO DOMINGO OZOLOTEPEC,20512
20,513,SANTO DOMINGO PETAPA,20513
20,514,SANTO DOMINGO ROAYAGA,20514
20,515,SANTO DOMINGO TEHUANTEPEC,20515
20,516,SANTO DOMINGO TEOJOMULCO,20516
20,517,SANTO DOMINGO TEPUXTEPEC,20517
20,518,SANTO DOMINGO TLATAYÁPAM,20518
20,519,SANTO DOMINGO TOMALTEPEC,20519
20,520,SANTO DOMINGO TONALÁ,20520
20,521,SANTO DOMINGO TONALTEPEC,20521
20,522,SANTO DOMINGO XAGACÍA,20522
20,523,SANTO DOMINGO YANHUITLÁN,20523
20,524,SANTO DOMINGO YODOHINO,20524
20,525,SANTO DOMINGO ZANATEPEC,20525
20,526,SANTOS REYES NOPALA,20526
20,527,SANTOS REYES PÁPALO,20527
20,528,SANTOS REYES TEPEJILLO,20528
20,529,SANTOS REYES YUCUNÁ,20529
20,530,SANTO TOMÁS JALIEZA,20530
20,531,SANTO TOMÁS MAZALTEPEC,20531
20,532,SANTO TOMÁS OCOTEPEC,20532
20,533,SANTO TOMÁS TAMAZULAPAN,20533
20,534,SAN VICENTE COATLÁN,20534
20,535,SAN VICENTE LACHIXÍO,20535
20,536,SAN VICENTE NUÑÚ,20536
20,537,SILACAYOÁPAM,20537
20,538,SITIO DE XITLAPEHUA,20538
20,539,SOLEDAD ETLA,20539
20,540,VILLA DE TAMAZULÁPAM DEL PROGRESO,20540
20,541,TANETZE DE ZARAGOZA,20541
20,542,TANICHE,20542
20,543,TATALTEPEC DE VALDÉS,20543
20,544,TEOCOCUILCO DE MARCOS PÉREZ,20544
20,545,TEOTITLÁN DE FLORES MAGÓN,20545
20,546,TEOTITLÁN DEL VALLE,20546
20,547,TEOTONGO,20547
20,548,TEPELMEME VILLA DE MORELOS,20548
20,549,"HEROICA VILLA TEZOATLÁN DE SEGURA Y LUNA, CUNA DE LA INDEPENDENCIA DE OAXACA",20549
20,550,SAN JERÓNIMO TLACOCHAHUAYA,20550
20,551,TLACOLULA DE MATAMOROS,20551
20,552,TLACOTEPEC PLUMAS,20552
20,553,TLALIXTAC DE CABRERA,20553
20,554,TOTONTEPEC VILLA DE MORELOS,20554
20,555,TRINIDAD ZAACHILA,20555
20,556,LA TRINIDAD VISTA HERMOSA,20556
20,557,UNIÓN HIDALGO,20557
20,558,VALERIO TRUJANO,20558
20,559,SAN JUAN BAUTISTA VALLE NACIONAL,20559
20,560,VILLA DÍAZ ORDAZ,20560
20,561,YAXE,20561
20,562,MAGDALENA YODOCONO DE PORFIRIO DÍAZ,20562
20,563,YOGANA,20563
20,564,YUTANDUCHI DE GUERRERO,20564
20,565,VILLA DE ZAACHILA,20565
20,566,SAN MATEO YUCUTINDOO,20566
20,567,ZAPOTITLÁN LAGUNAS,20567
20,568,ZAPOTITLÁN PALMAS,20568
20,569,SANTA INÉS DE ZARAGOZA,20569
20,570,ZIMATLÁN DE ÁLVAREZ,20570
21,001,ACAJETE,21001
21,002,ACATENO,21002
21,003,ACATLÁN,21003
21,004,ACATZINGO,21004
21,005,ACTEOPAN,21005
21,006,AHUACATLÁN,21006
21,007,AHUATLÁN,21007
21,008,AHUAZOTEPEC,21008
21,009,AHUEHUETITLA,21009
21,010,AJALPAN,21010
21,011,ALBINO ZERTUCHE,21011
21,012,ALJOJUCA,21012
21,013,ALTEPEXI,21013
21,014,AMIXTLÁN,21014
21,015,AMOZOC,21015
21,016,AQUIXTLA,21016
21,017,ATEMPAN,21017
21,018,ATEXCAL,21018
21,019,ATLIXCO,21019
21,020,ATOYATEMPAN,21020
21,021,ATZALA,21021
21,022,ATZITZIHUACÁN,21022
21,023,ATZITZINTLA,21023
21,024,AXUTLA,21024
21,025,AYOTOXCO DE GUERRERO,21025
21,026,CALPAN,21026
21,027,CALTEPEC,21027
21,028,CAMOCUAUTLA,21028
21,029,CAXHUACAN,21029
21,030,COATEPEC,21030
21,031,COATZINGO,21031
21,032,COHETZALA,21032
21,033,COHUECAN,21033
21,034,CORONANGO,21034
21,035,COXCATLÁN,21035
21,036,COYOMEAPAN,21036
21,037,COYOTEPEC,21037
21,038,CUAPIAXTLA DE MADERO,21038
21,039,CUAUTEMPAN,21039
21,040,CUAUTINCHÁN,21040
21,041,CUAUTLANCINGO,21041
21,042,CUAYUCA DE ANDRADE,21042
21,043,CUETZALAN DEL PROGRESO,21043
21,044,CUYOACO,21044
21,045,CHALCHICOMULA DE SESMA,21045
21,046,CHAPULCO,21046
21,047,CHIAUTLA,21047
21,048,CHIAUTZINGO,21048
21,049,CHICONCUAUTLA,21049
21,050,CHICHIQUILA,21050
21,051,CHIETLA,21051
21,052,CHIGMECATITLÁN,21052
21,053,CHIGNAHUAPAN,21053
21,054,CHIGNAUTLA,21054
21,055,CHILA,21055
21,056,CHILA DE LA SAL,21056
21,057,HONEY,21057
21,058,CHILCHOTLA,21058
21,059,CHINANTLA,21059
21,060,DOMINGO ARENAS,21060
21,061,ELOXOCHITLÁN,21061
21,062,EPATLÁN,21062
21,063,ESPERANZA,21063
21,064,FRANCISCO Z. MENA,21064
21,065,GENERAL FELIPE ÁNGELES,21065
21,066,GUADALUPE,21066
21,067,GUADALUPE VICTORIA,21067
21,068,HERMENEGILDO GALEANA,21068
21,069,HUAQUECHULA,21069
21,070,HUATLATLAUCA,21070
21,071,HUAUCHINANGO,21071
21,072,HUEHUETLA,21072
21,073,HUEHUETLÁN EL CHICO,21073
21,074,HUEJOTZINGO,21074
21,075,HUEYAPAN,21075
21,076,HUEYTAMALCO,21076
21,077,HUEYTLALPAN,21077
21,078,HUITZILAN DE SERDÁN,21078
21,079,HUITZILTEPEC,21079
21,080,ATLEQUIZAYAN,21080
21,081,IXCAMILPA DE GUERRERO,21081
21,082,IXCAQUIXTLA,21082
21,083,IXTACAMAXTITLÁN,21083
21,084,IXTEPEC,21084
21,085,IZÚCAR DE MATAMOROS,21085
21,086,JALPAN,21086
21,087,JOLALPAN,21087
21,088,JONOTLA,21088
21,089,JOPALA,21089
21,090,JUAN C. BONILLA,21090
21,091,JUAN GALINDO,21091
21,092,JUAN N. MÉNDEZ,21092
21,093,LAFRAGUA,21093
21,094,LIBRES,21094
21,095,LA MAGDALENA TLATLAUQUITEPEC,21095
21,096,MAZAPILTEPEC DE JUÁREZ,21096
21,097,MIXTLA,21097
21,098,MOLCAXAC,21098
21,099,CAÑADA MORELOS,21099
21,100,NAUPAN,21100
21,101,NAUZONTLA,21101
21,102,NEALTICAN,21102
21,103,NICOLÁS BRAVO,21103
21,104,NOPALUCAN,21104
21,105,OCOTEPEC,21105
21,106,OCOYUCAN,21106
21,107,OLINTLA,21107
21,108,ORIENTAL,21108
21,109,PAHUATLÁN,21109
21,110,PALMAR DE BRAVO,21110
21,111,PANTEPEC,21111
21,112,PETLALCINGO,21112
21,113,PIAXTLA,21113
21,114,PUEBLA,21114
21,115,QUECHOLAC,21115
21,116,QUIMIXTLÁN,21116
21,117,RAFAEL LARA GRAJALES,21117
21,118,LOS REYES DE JUÁREZ,21118
21,119,SAN ANDRÉS CHOLULA,21119
21,120,SAN ANTONIO CAÑADA,21120
21,121,SAN DIEGO LA MESA TOCHIMILTZINGO,21121
21,122,SAN FELIPE TEOTLALCINGO,21122
21,123,SAN FELIPE TEPATLÁN,21123
21,124,SAN GABRIEL CHILAC,21124
21,125,SAN GREGORIO ATZOMPA,21125
21,126,SAN JERÓNIMO TECUANIPAN,21126
21,127,SAN JERÓNIMO XAYACATLÁN,21127
21,128,SAN JOSÉ CHIAPA,21128
21,129,SAN JOSÉ MIAHUATLÁN,21129
21,130,SAN JUAN ATENCO,21130
21,131,SAN JUAN ATZOMPA,21131
21,132,SAN MARTÍN TEXMELUCAN,21132
21,133,SAN MARTÍN TOTOLTEPEC,21133
21,134,SAN MATÍAS TLALANCALECA,21134
21,135,SAN MIGUEL IXITLÁN,21135
21,136,SAN MIGUEL XOXTLA,21136
21,137,SAN NICOLÁS BUENOS AIRES,21137
21,138,SAN NICOLÁS DE LOS RANCHOS,21138
21,139,SAN PABLO ANICANO,21139
21,140,SAN PEDRO CHOLULA,21140
21,141,SAN PEDRO YELOIXTLAHUACA,21141
21,142,SAN SALVADOR EL SECO,21142
21,143,SAN SALVADOR EL VERDE,21143
21,144,SAN SALVADOR HUIXCOLOTLA,21144
21,145,SAN SEBASTIÁN TLACOTEPEC,21145
21,146,SANTA CATARINA TLALTEMPAN,21146
21,147,SANTA INÉS AHUATEMPAN,21147
21,148,SANTA ISABEL CHOLULA,21148
21,149,SANTIAGO MIAHUATLÁN,21149
21,150,HUEHUETLÁN EL GRANDE,21150
21,151,SANTO TOMÁS HUEYOTLIPAN,21151
21,152,SOLTEPEC,21152
21,153,TECALI DE HERRERA,21153
21,154,TECAMACHALCO,21154
21,155,TECOMATLÁN,21155
21,156,TEHUACÁN,21156
21,157,TEHUITZINGO,21157
21,158,TENAMPULCO,21158
21,159,TEOPANTLÁN,21159
21,160,TEOTLALCO,21160
21,161,TEPANCO DE LÓPEZ,21161
21,162,TEPANGO DE RODRÍGUEZ,21162
21,163,TEPATLAXCO DE HIDALGO,21163
21,164,TEPEACA,21164
21,165,TEPEMAXALCO,21165
21,166,TEPEOJUMA,21166
21,167,TEPETZINTLA,21167
21,168,TEPEXCO,21168
21,169,TEPEXI DE RODRÍGUEZ,21169
21,170,TEPEYAHUALCO,21170
21,171,TEPEYAHUALCO DE CUAUHTÉMOC,21171
21,172,TETELA DE OCAMPO,21172
21,173,TETELES DE ÁVILA CASTILLO,21173
21,174,TEZIUTLÁN,21174
21,175,TIANGUISMANALCO,21175
21,176,TILAPA,21176
21,177,TLACOTEPEC DE BENITO JUÁREZ,21177
21,178,TLACUILOTEPEC,21178
21,179,TLACHICHUCA,21179
21,180,TLAHUAPAN,21180
21,181,TLALTENANGO,21181
21,182,TLANEPANTLA,21182
21,183,TLAOLA,21183
21,184,TLAPACOYA,21184
21,185,TLAPANALÁ,21185
21,186,TLATLAUQUITEPEC,21186
21,187,TLAXCO,21187
21,188,TOCHIMILCO,21188
21,189,TOCHTEPEC,21189
21,190,TOTOLTEPEC DE GUERRERO,21190
21,191,TULCINGO,21191
21,192,TUZAMAPAN DE GALEANA,21192
21,193,TZICATLACOYAN,21193
21,194,VENUSTIANO CARRANZA,21194
21,195,VICENTE GUERRERO,21195
21,196,XAYACATLÁN DE BRAVO,21196
21,197,XICOTEPEC,21197
21,198,XICOTLÁN,21198
21,199,XIUTETELCO,21199
21,200,XOCHIAPULCO,21200
21,201,XOCHILTEPEC,21201
21,202,XOCHITLÁN DE VICENTE SUÁREZ,21202
21,203,XOCHITLÁN TODOS SANTOS,21203
21,204,YAONÁHUAC,21204
21,205,YEHUALTEPEC,21205
21,206,ZACAPALA,21206
21,207,ZACAPOAXTLA,21207
21,208,ZACATLÁN,21208
21,209,ZAPOTITLÁN,21209
21,210,ZAPOTITLÁN DE MÉNDEZ,21210
21,211,ZARAGOZA,21211
21,212,ZAUTLA,21212
21,213,ZIHUATEUTLA,21213
21,214,ZINACATEPEC,21214
21,215,ZONGOZOTLA,21215
21,216,ZOQUIAPAN,21216
21,217,ZOQUITLÁN,21217
22,001,AMEALCO DE BONFIL,22001
22,002,PINAL DE AMOLES,22002
22,003,ARROYO SECO,22003
22,004,CADEREYTA DE MONTES,22004
22,005,COLÓN,22005
22,006,CORREGIDORA,22006
22,007,EZEQUIEL MONTES,22007
22,008,HUIMILPAN,22008
22,009,JALPAN DE SERRA,22009
22,010,LANDA DE MATAMOROS,22010
22,011,EL MARQUÉS,22011
22,012,PEDRO ESCOBEDO,22012
22,013,PEÑAMILLER,22013
22,014,QUERÉTARO,22014
22,015,SAN JOAQUÍN,22015
22,016,SAN JUAN DEL RÍO,22016
22,017,TEQUISQUIAPAN,22017
22,018,TOLIMÁN,22018
23,001,COZUMEL,23001
23,002,FELIPE CARRILLO PUERTO,23002
23,003,ISLA MUJERES,23003
23,004,OTHÓN P. BLANCO,23004
23,005,BENITO JUÁREZ,23005
23,006,JOSÉ MARÍA MORELOS,23006
23,007,LÁZARO CÁRDENAS,23007
23,008,SOLIDARIDAD,23008
23,009,TULUM,23009
23,010,BACALAR,23010
23,011,PUERTO MORELOS,23011
24,001,AHUALULCO DEL SONIDO 13,24001
24,002,ALAQUINES,24002
24,003,AQUISMÓN,24003
24,004,ARMADILLO DE LOS INFANTE,24004
24,005,CÁRDENAS,24005
24,006,CATORCE,24006
24,007,CEDRAL,24007
24,008,CERRITOS,24008
24,009,CERRO DE SAN PEDRO,24009
24,010,CIUDAD DEL MAÍZ,24010
24,011,CIUDAD FERNÁNDEZ,24011
24,012,TANCANHUITZ,24012
24,013,CIUDAD VALLES,24013
24,014,COXCATLÁN,24014
24,015,CHARCAS,24015
24,016,EBANO,24016
24,017,GUADALCÁZAR,24017
24,018,HUEHUETLÁN,24018
24,019,LAGUNILLAS,24019
24,020,MATEHUALA,24020
24,021,MEXQUITIC DE CARMONA,24021
24,022,MOCTEZUMA,24022
24,023,RAYÓN,24023
24,024,RIOVERDE,24024
24,025,SALINAS,24025
24,026,SAN ANTONIO,24026
24,027,SAN CIRO DE ACOSTA,24027
24,028,SAN LUIS POTOSÍ,24028
24,029,SAN MARTÍN CHALCHICUAUTLA,24029
24,030,SAN NICOLÁS TOLENTINO,24030
24,031,SANTA CATARINA,24031
24,032,SANTA MARÍA DEL RÍO,24032
24,033,SANTO DOMINGO,24033
24,034,SAN VICENTE TANCUAYALAB,24034
24,035,SOLEDAD DE GRACIANO SÁNCHEZ,24035
24,036,TAMASOPO,24036
24,037,TAMAZUNCHALE,24037
24,038,TAMPACÁN,24038
24,039,TAMPAMOLÓN CORONA,24039
24,040,TAMUÍN,24040
24,041,TANLAJÁS,24041
24,042,TANQUIÁN DE ESCOBEDO,24042
24,043,TIERRA NUEVA,24043
24,044,VANEGAS,24044
24,045,VENADO,24045
24,046,VILLA DE ARRIAGA,24046
24,047,VILLA DE GUADALUPE,24047
24,048,VILLA DE LA PAZ,24048
24,049,VILLA DE RAMOS,24049
24,050,VILLA DE REYES,24050
24,051,VILLA HIDALGO,24051
24,052,VILLA JUÁREZ,24052
24,053,AXTLA DE TERRAZAS,24053
24,054,XILITLA,24054
24,055,ZARAGOZA,24055
24,056,VILLA DE ARISTA,24056
24,057,MATLAPA,24057
24,058,EL NARANJO,24058
24,059,VILLA DE POZOS,24059
25,001,AHOME,25001
25,002,ANGOSTURA,25002
25,003,BADIRAGUATO,25003
25,004,CONCORDIA,25004
25,005,COSALÁ,25005
25,006,CULIACÁN,25006
25,007,CHOIX,25007
25,008,ELOTA,25008
25,009,ESCUINAPA,25009
25,010,EL FUERTE,25010
25,011,GUASAVE,25011
25,012,MAZATLÁN,25012
25,013,MOCORITO,25013
25,014,ROSARIO,25014
25,015,SALVADOR ALVARADO,25015
25,016,SAN IGNACIO,25016
25,017,SINALOA,25017
25,018,NAVOLATO,25018
25,019,ELDORADO,25019
25,020,JUAN JOSÉ RÍOS,25020
26,001,ACONCHI,26001
26,002,AGUA PRIETA,26002
26,003,ÁLAMOS,26003
26,004,ALTAR,26004
26,005,ARIVECHI,26005
26,006,ARIZPE,26006
26,007,ATIL,26007
26,008,BACADÉHUACHI,26008
26,009,BACANORA,26009
26,010,BACERAC,26010
26,011,BACOACHI,26011
26,012,BÁCUM,26012
26,013,BANÁMICHI,26013
26,014,BAVIÁCORA,26014
26,015,BAVISPE,26015
26,016,BENJAMÍN HILL,26016
26,017,CABORCA,26017
26,018,CAJEME,26018
26,019,CANANEA,26019
26,020,CARBÓ,26020
26,021,LA COLORADA,26021
26,022,CUCURPE,26022
26,023,CUMPAS,26023
26,024,DIVISADEROS,26024
26,025,EMPALME,26025
26,026,ETCHOJOA,26026
26,027,FRONTERAS,26027
26,028,GRANADOS,26028
26,029,GUAYMAS,26029
26,030,HERMOSILLO,26030
26,031,HUACHINERA,26031
26,032,HUÁSABAS,26032
26,033,HUATABAMPO,26033
26,034,HUÉPAC,26034
26,035,IMURIS,26035
26,036,MAGDALENA,26036
26,037,MAZATÁN,26037
26,038,MOCTEZUMA,26038
26,039,NACO,26039
26,040,NÁCORI CHICO,26040
26,041,NACOZARI DE GARCÍA,26041
26,042,NAVOJOA,26042
26,043,NOGALES,26043
26,044,ÓNAVAS,26044
26,045,OPODEPE,26045
26,046,OQUITOA,26046
26,047,PITIQUITO,26047
26,048,PUERTO PEÑASCO,26048
26,049,QUIRIEGO,26049
26,050,RAYÓN,26050
26,051,ROSARIO,26051
26,052,SAHUARIPA,26052
26,053,SAN FELIPE DE JESÚS,26053
26,054,SAN JAVIER,26054
26,055,SAN LUIS RÍO COLORADO,26055
26,056,SAN MIGUEL DE HORCASITAS,26056
26,057,SAN PEDRO DE LA CUEVA,26057
26,058,SANTA ANA,26058
26,059,SANTA CRUZ,26059
26,060,SÁRIC,26060
26,061,SOYOPA,26061
26,062,SUAQUI GRANDE,26062
26,063,TEPACHE,26063
26,064,TRINCHERAS,26064
26,065,TUBUTAMA,26065
26,066,URES,26066
26,067,VILLA HIDALGO,26067
26,068,VILLA PESQUEIRA,26068
26,069,YÉCORA,26069
26,070,GENERAL PLUTARCO ELÍAS CALLES,26070
26,071,BENITO JUÁREZ,26071
26,072,SAN IGNACIO RÍO MUERTO,26072
27,001,BALANCÁN,27001
27,002,CÁRDENAS,27002
27,003,CENTLA,27003
27,004,CENTRO,27004
27,005,COMALCALCO,27005
27,006,CUNDUACÁN,27006
27,007,EMILIANO ZAPATA,27007
27,008,HUIMANGUILLO,27008
27,009,JALAPA,27009
27,010,JALPA DE MÉNDEZ,27010
27,011,JONUTA,27011
27,012,MACUSPANA,27012
27,013,NACAJUCA,27013
27,014,PARAÍSO,27014
27,015,TACOTALPA,27015
27,016,TEAPA,27016
27,017,TENOSIQUE,27017
28,001,ABASOLO,28001
28,002,ALDAMA,28002
28,003,ALTAMIRA,28003
28,004,ANTIGUO MORELOS,28004
28,005,BURGOS,28005
28,006,BUSTAMANTE,28006
28,007,CAMARGO,28007
28,008,CASAS,28008
28,009,CIUDAD MADERO,28009
28,010,CRUILLAS,28010
28,011,GÓMEZ FARÍAS,28011
28,012,GONZÁLEZ,28012
28,013,GÜÉMEZ,28013
28,014,GUERRERO,28014
28,015,GUSTAVO DÍAZ ORDAZ,28015
28,016,HIDALGO,28016
28,017,JAUMAVE,28017
28,018,JIMÉNEZ,28018
28,019,LLERA,28019
28,020,MAINERO,28020
28,021,EL MANTE,28021
28,022,MATAMOROS,28022
28,023,MÉNDEZ,28023
28,024,MIER,28024
28,025,MIGUEL ALEMÁN,28025
28,026,MIQUIHUANA,28026
28,027,NUEVO LAREDO,28027
28,028,NUEVO MORELOS,28028
28,029,OCAMPO,28029
28,030,PADILLA,28030
28,031,PALMILLAS,28031
28,032,REYNOSA,28032
28,033,RÍO BRAVO,28033
28,034,SAN CARLOS,28034
28,035,SAN FERNANDO,28035
28,036,SAN NICOLÁS,28036
28,037,SOTO LA MARINA,28037
28,038,TAMPICO,28038
28,039,TULA,28039
28,040,VALLE HERMOSO,28040
28,041,VICTORIA,28041
28,042,VILLAGRÁN,28042
28,043,XICOTÉNCATL,28043
29,001,AMAXAC DE GUERRERO,29001
29,002,APETATITLÁN DE ANTONIO CARVAJAL,29002
29,003,ATLANGATEPEC,29003
29,004,ATLTZAYANCA,29004
29,005,APIZACO,29005
29,006,CALPULALPAN,29006
29,007,EL CARMEN TEQUEXQUITLA,29007
29,008,CUAPIAXTLA,29008
29,009,CUAXOMULCO,29009
29,010,CHIAUTEMPAN,29010
29,011,MUÑOZ DE DOMINGO ARENAS,29011
29,012,ESPAÑITA,29012
29,013,HUAMANTLA,29013
29,014,HUEYOTLIPAN,29014
29,015,IXTACUIXTLA DE MARIANO MATAMOROS,29015
29,016,IXTENCO,29016
29,017,MAZATECOCHCO DE JOSÉ MARÍA MORELOS,29017
29,018,CONTLA DE JUAN CUAMATZI,29018
29,019,TEPETITLA DE LARDIZÁBAL,29019
29,020,SANCTÓRUM DE LÁZARO CÁRDENAS,29020
29,021,NANACAMILPA DE MARIANO ARISTA,29021
29,022,ACUAMANALA DE MIGUEL HIDALGO,29022
29,023,NATÍVITAS,29023
29,024,PANOTLA,29024
29,025,SAN PABLO DEL MONTE,29025
29,026,SANTA CRUZ TLAXCALA,29026
29,027,TENANCINGO,29027
29,028,TEOLOCHOLCO,29028
29,029,TEPEYANCO,29029
29,030,TERRENATE,29030
29,031,TETLA DE LA SOLIDARIDAD,29031
29,032,TETLATLAHUCA,29032
29,033,TLAXCALA,29033
29,034,TLAXCO,29034
29,035,TOCATLÁN,29035
29,036,TOTOLAC,29036
29,037,ZILTLALTÉPEC DE TRINIDAD SÁNCHEZ SANTOS,29037
29,038,TZOMPANTEPEC,29038
29,039,XALOZTOC,29039
29,040,XALTOCAN,29040
29,041,PAPALOTLA DE XICOHTÉNCATL,29041
29,042,XICOHTZINCO,29042
29,043,YAUHQUEMEHCAN,29043
29,044,ZACATELCO,29044
29,045,BENITO JUÁREZ,29045
29,046,EMILIANO ZAPATA,29046
29,047,LÁZARO CÁRDENAS,29047
29,048,LA MAGDALENA TLALTELULCO,29048
29,049,SAN DAMIÁN TEXÓLOC,29049
29,050,SAN FRANCISCO TETLANOHCAN,29050
29,051,SAN JERÓNIMO ZACUALPAN,29051
29,052,SAN JOSÉ TEACALCO,29052
29,053,SAN JUAN HUACTZINCO,29053
29,054,SAN LORENZO AXOCOMANITLA,29054
29,055,SAN LUCAS TECOPILCO,29055
29,056,SANTA ANA NOPALUCAN,29056
29,057,SANTA APOLONIA TEACALCO,29057
29,058,SANTA CATARINA AYOMETLA,29058
29,059,SANTA CRUZ QUILEHTLA,29059
29,060,SANTA ISABEL XILOXOXTLA,29060
30,001,ACAJETE,30001
30,002,ACATLÁN,30002
30,003,ACAYUCAN,30003
30,004,ACTOPAN,30004
30,005,ACULA,30005
30,006,ACULTZINGO,30006
30,007,CAMARÓN DE TEJEDA,30007
30,008,ALPATLÁHUAC,30008
30,009,ALTO LUCERO DE GUTIÉRREZ BARRIOS,30009
30,010,ALTOTONGA,30010
30,011,ALVARADO,30011
30,012,AMATITLÁN,30012
30,013,NARANJOS AMATLÁN,30013
30,014,AMATLÁN DE LOS REYES,30014
30,015,ANGEL R. CABADA,30015
30,016,LA ANTIGUA,30016
30,017,APAZAPAN,30017
30,018,AQUILA,30018
30,019,ASTACINGA,30019
30,020,ATLAHUILCO,30020
30,021,ATOYAC,30021
30,022,ATZACAN,30022
30,023,ATZALAN,30023
30,024,TLALTETELA,30024
30,025,AYAHUALULCO,30025
30,026,BANDERILLA,30026
30,027,BENITO JUÁREZ,30027
30,028,BOCA DEL RÍO,30028
30,029,CALCAHUALCO,30029
30,030,CAMERINO Z. MENDOZA,30030
30,031,CARRILLO PUERTO,30031
30,032,CATEMACO,30032
30,033,CAZONES DE HERRERA,30033
30,034,CERRO AZUL,30034
30,035,CITLALTÉPETL,30035
30,036,COACOATZINTLA,30036
30,037,COAHUITLÁN,30037
30,038,COATEPEC,30038
30,039,COATZACOALCOS,30039
30,040,COATZINTLA,30040
30,041,COETZALA,30041
30,042,COLIPA,30042
30,043,COMAPA,30043
30,044,CÓRDOBA,30044
30,045,COSAMALOAPAN DE CARPIO,30045
30,046,COSAUTLÁN DE CARVAJAL,30046
30,047,COSCOMATEPEC,30047
30,048,COSOLEACAQUE,30048
30,049,COTAXTLA,30049
30,050,COXQUIHUI,30050
30,051,COYUTLA,30051
30,052,CUICHAPA,30052
30,053,CUITLÁHUAC,30053
30,054,CHACALTIANGUIS,30054
30,055,CHALMA,30055
30,056,CHICONAMEL,30056
30,057,CHICONQUIACO,30057
30,058,CHICONTEPEC,30058
30,059,CHINAMECA,30059
30,060,CHINAMPA DE GOROSTIZA,30060
30,061,LAS CHOAPAS,30061
30,062,CHOCAMÁN,30062
30,063,CHONTLA,30063
30,064,CHUMATLÁN,30064
30,065,EMILIANO ZAPATA,30065
30,066,ESPINAL,30066
30,067,FILOMENO MATA,30067
30,068,FORTÍN,30068
30,069,GUTIÉRREZ ZAMORA,30069
30,070,HIDALGOTITLÁN,30070
30,071,HUATUSCO,30071
30,072,HUAYACOCOTLA,30072
30,073,HUEYAPAN DE OCAMPO,30073
30,074,HUILOAPAN DE CUAUHTÉMOC,30074
30,075,IGNACIO DE LA LLAVE,30075
30,076,ILAMATLÁN,30076
30,077,ISLA,30077
30,078,IXCATEPEC,30078
30,079,IXHUACÁN DE LOS REYES,30079
30,080,IXHUATLÁN DEL CAFÉ,30080
30,081,IXHUATLANCILLO,30081
30,082,IXHUATLÁN DEL SURESTE,30082
30,083,IXHUATLÁN DE MADERO,30083
30,084,IXMATLAHUACAN,30084
30,085,IXTACZOQUITLÁN,30085
30,086,JALACINGO,30086
30,087,XALAPA,30087
30,088,JALCOMULCO,30088
30,089,JÁLTIPAN,30089
30,090,JAMAPA,30090
30,091,JESÚS CARRANZA,30091
30,092,XICO,30092
30,093,JILOTEPEC,30093
30,094,JUAN RODRÍGUEZ CLARA,30094
30,095,JUCHIQUE DE FERRER,30095
30,096,LANDERO Y COSS,30096
30,097,LERDO DE TEJADA,30097
30,098,MAGDALENA,30098
30,099,MALTRATA,30099
30,100,MANLIO FABIO ALTAMIRANO,30100
30,101,MARIANO ESCOBEDO,30101
30,102,MARTÍNEZ DE LA TORRE,30102
30,103,MECATLÁN,30103
30,104,MECAYAPAN,30104
30,105,MEDELLÍN DE BRAVO,30105
30,106,MIAHUATLÁN,30106
30,107,LAS MINAS,30107
30,108,MINATITLÁN,30108
30,109,MISANTLA,30109
30,110,MIXTLA DE ALTAMIRANO,30110
30,111,MOLOACÁN,30111
30,112,NAOLINCO,30112
30,113,NARANJAL,30113
30,114,NAUTLA,30114
30,115,NOGALES,30115
30,116,OLUTA,30116
30,117,OMEALCA,30117
30,118,ORIZABA,30118
30,119,OTATITLÁN,30119
30,120,OTEAPAN,30120
30,121,OZULUAMA DE MASCAREÑAS,30121
30,122,PAJAPAN,30122
30,123,PÁNUCO,30123
30,124,PAPANTLA,30124
30,125,PASO DEL MACHO,30125
30,126,PASO DE OVEJAS,30126
30,127,LA PERLA,30127
30,128,PEROTE,30128
30,129,PLATÓN SÁNCHEZ,30129
30,130,PLAYA VICENTE,30130
30,131,POZA RICA DE HIDALGO,30131
30,132,LAS VIGAS DE RAMÍREZ,30132
30,133,PUEBLO VIEJO,30133
30,134,PUENTE NACIONAL,30134
30,135,RAFAEL DELGADO,30135
30,136,RAFAEL LUCIO,30136
30,137,LOS REYES,30137
30,138,RÍO BLANCO,30138
30,139,SALTABARRANCA,30139
30,140,SAN ANDRÉS TENEJAPAN,30140
30,141,SAN ANDRÉS TUXTLA,30141
30,142,SAN JUAN EVANGELISTA,30142
30,143,SANTIAGO TUXTLA,30143
30,144,SAYULA DE ALEMÁN,30144
30,145,SOCONUSCO,30145
30,146,SOCHIAPA,30146
30,147,SOLEDAD ATZOMPA,30147
30,148,SOLEDAD DE DOBLADO,30148
30,149,SOTEAPAN,30149
30,150,TAMALÍN,30150
30,151,TAMIAHUA,30151
30,152,TAMPICO ALTO,30152
30,153,TANCOCO,30153
30,154,TANTIMA,30154
30,155,TANTOYUCA,30155
30,156,TATATILA,30156
30,157,CASTILLO DE TEAYO,30157
30,158,TECOLUTLA,30158
30,159,TEHUIPANGO,30159
30,160,ÁLAMO TEMAPACHE,30160
30,161,TEMPOAL,30161
30,162,TENAMPA,30162
30,163,TENOCHTITLÁN,30163
30,164,TEOCELO,30164
30,165,TEPATLAXCO,30165
30,166,TEPETLÁN,30166
30,167,TEPETZINTLA,30167
30,168,TEQUILA,30168
30,169,JOSÉ AZUETA,30169
30,170,TEXCATEPEC,30170
30,171,TEXHUACÁN,30171
30,172,TEXISTEPEC,30172
30,173,TEZONAPA,30173
30,174,TIERRA BLANCA,30174
30,175,TIHUATLÁN,30175
30,176,TLACOJALPAN,30176
30,177,TLACOLULAN,30177
30,178,TLACOTALPAN,30178
30,179,TLACOTEPEC DE MEJÍA,30179
30,180,TLACHICHILCO,30180
30,181,TLALIXCOYAN,30181
30,182,TLALNELHUAYOCAN,30182
30,183,TLAPACOYAN,30183
30,184,TLAQUILPA,30184
30,185,TLILAPAN,30185
30,186,TOMATLÁN,30186
30,187,TONAYÁN,30187
30,188,TOTUTLA,30188
30,189,TUXPAN,30189
30,190,TUXTILLA,30190
30,191,URSULO GALVÁN,30191
30,192,VEGA DE ALATORRE,30192
30,193,VERACRUZ,30193
30,194,VILLA ALDAMA,30194
30,195,XOXOCOTLA,30195
30,196,YANGA,30196
30,197,YECUATLA,30197
30,198,ZACUALPAN,30198
30,199,ZARAGOZA,30199
30,200,ZENTLA,30200
30,201,ZONGOLICA,30201
30,202,ZONTECOMATLÁN DE LÓPEZ Y FUENTES,30202
30,203,ZOZOCOLCO DE HIDALGO,30203
30,204,AGUA DULCE,30204
30,205,EL HIGO,30205
30,206,NANCHITAL DE LÁZARO CÁRDENAS DEL RÍO,30206
30,207,TRES VALLES,30207
30,208,CARLOS A. CARRILLO,30208
30,209,TATAHUICAPAN DE JUÁREZ,30209
30,210,UXPANAPA,30210
30,211,SAN RAFAEL,30211
30,212,SANTIAGO SOCHIAPAN,30212
31,001,ABALÁ,31001
31,002,ACANCEH,31002
31,003,AKIL,31003
31,004,BACA,31004
31,005,BOKOBÁ,31005
31,006,BUCTZOTZ,31006
31,007,CACALCHÉN,31007
31,008,CALOTMUL,31008
31,009,CANSAHCAB,31009
31,010,CANTAMAYEC,31010
31,011,CELESTÚN,31011
31,012,CENOTILLO,31012
31,013,CONKAL,31013
31,014,CUNCUNUL,31014
31,015,CUZAMÁ,31015
31,016,CHACSINKÍN,31016
31,017,CHANKOM,31017
31,018,CHAPAB,31018
31,019,CHEMAX,31019
31,020,CHICXULUB PUEBLO,31020
31,021,CHICHIMILÁ,31021
31,022,CHIKINDZONOT,31022
31,023,CHOCHOLÁ,31023
31,024,CHUMAYEL,31024
31,025,DZAN,31025
31,026,DZEMUL,31026
31,027,DZIDZANTÚN,31027
31,028,DZILAM DE BRAVO,31028
31,029,DZILAM GONZÁLEZ,31029
31,030,DZITÁS,31030
31,031,DZONCAUICH,31031
31,032,ESPITA,31032
31,033,HALACHÓ,31033
31,034,HOCABÁ,31034
31,035,HOCTÚN,31035
31,036,HOMÚN,31036
31,037,HUHÍ,31037
31,038,HUNUCMÁ,31038
31,039,IXIL,31039
31,040,IZAMAL,31040
31,041,KANASÍN,31041
31,042,KANTUNIL,31042
31,043,KAUA,31043
31,044,KINCHIL,31044
31,045,KOPOMÁ,31045
31,046,MAMA,31046
31,047,MANÍ,31047
31,048,MAXCANÚ,31048
31,049,MAYAPÁN,31049
31,050,MÉRIDA,31050
31,051,MOCOCHÁ,31051
31,052,MOTUL,31052
31,053,MUNA,31053
31,054,MUXUPIP,31054
31,055,OPICHÉN,31055
31,056,OXKUTZCAB,31056
31,057,PANABÁ,31057
31,058,PETO,31058
31,059,PROGRESO,31059
31,060,QUINTANA ROO,31060
31,061,RÍO LAGARTOS,31061
31,062,SACALUM,31062
31,063,SAMAHIL,31063
31,064,SANAHCAT,31064
31,065,SAN FELIPE,31065
31,066,SANTA ELENA,31066
31,067,SEYÉ,31067
31,068,SINANCHÉ,31068
31,069,SOTUTA,31069
31,070,SUCILÁ,31070
31,071,SUDZAL,31071
31,072,SUMA,31072
31,073,TAHDZIÚ,31073
31,074,TAHMEK,31074
31,075,TEABO,31075
31,076,TECOH,31076
31,077,TEKAL DE VENEGAS,31077
31,078,TEKANTÓ,31078
31,079,TEKAX,31079
31,080,TEKIT,31080
31,081,TEKOM,31081
31,082,TELCHAC PUEBLO,31082
31,083,TELCHAC PUERTO,31083
31,084,TEMAX,31084
31,085,TEMOZÓN,31085
31,086,TEPAKÁN,31086
31,087,TETIZ,31087
31,088,TEYA,31088
31,089,TICUL,31089
31,090,TIMUCUY,31090
31,091,TINUM,31091
31,092,TIXCACALCUPUL,31092
31,093,TIXKOKOB,31093
31,094,TIXMÉHUAC,31094
31,095,TIXPÉHUAL,31095
31,096,TIZIMÍN,31096
31,097,TUNKÁS,31097
31,098,TZUCACAB,31098
31,099,UAYMA,31099
31,100,UCÚ,31100
31,101,UMÁN,31101
31,102,VALLADOLID,31102
31,103,XOCCHEL,31103
31,104,YAXCABÁ,31104
31,105,YAXKUKUL,31105
31,106,YOBAÍN,31106
32,001,APOZOL,32001
32,002,APULCO,32002
32,003,ATOLINGA,32003
32,004,BENITO JUÁREZ,32004
32,005,CALERA,32005
32,006,CAÑITAS DE FELIPE PESCADOR,32006
32,007,CONCEPCIÓN DEL ORO,32007
32,008,CUAUHTÉMOC,32008
32,009,CHALCHIHUITES,32009
32,010,FRESNILLO,32010
32,011,TRINIDAD GARCÍA DE LA CADENA,32011
32,012,GENARO CODINA,32012
32,013,GENERAL ENRIQUE ESTRADA,32013
32,014,GENERAL FRANCISCO R. MURGUÍA,32014
32,015,EL PLATEADO DE JOAQUÍN AMARO,32015
32,016,GENERAL PÁNFILO NATERA,32016
32,017,GUADALUPE,32017
32,018,HUANUSCO,32018
32,019,JALPA,32019
32,020,JEREZ,32020
32,021,JIMÉNEZ DEL TEUL,32021
32,022,JUAN ALDAMA,32022
32,023,JUCHIPILA,32023
32,024,LORETO,32024
32,025,LUIS MOYA,32025
32,026,MAZAPIL,32026
32,027,MELCHOR OCAMPO,32027
32,028,MEZQUITAL DEL ORO,32028
32,029,MIGUEL AUZA,32029
32,030,MOMAX,32030
32,031,MONTE ESCOBEDO,32031
32,032,MORELOS,32032
32,033,MOYAHUA DE ESTRADA,32033
32,034,NOCHISTLÁN DE MEJÍA,32034
32,035,NORIA DE ÁNGELES,32035
32,036,OJOCALIENTE,32036
32,037,PÁNUCO,32037
32,038,PINOS,32038
32,039,RÍO GRANDE,32039
32,040,SAIN ALTO,32040
32,041,EL SALVADOR,32041
32,042,SOMBRERETE,32042
32,043,SUSTICACÁN,32043
32,044,TABASCO,32044
32,045,TEPECHITLÁN,32045
32,046,TEPETONGO,32046
32,047,TEÚL DE GONZÁLEZ ORTEGA,32047
32,048,TLALTENANGO DE SÁNCHEZ ROMÁN,32048
32,049,VALPARAÍSO,32049
32,050,VETAGRANDE,32050
32,051,VILLA DE COS,32051
32,052,VILLA GARCÍA,32052
32,053,VILLA GONZÁLEZ ORTEGA,32053
32,054,VILLA HIDALGO,32054
32,055,VILLANUEVA,32055
32,056,ZACATECAS,32056
32,057,TRANCOSO,32057
32,058,SANTA MARÍA DE LA PAZ,32058
